series,wiki_title,status,type,subtype,operator_page_title,operator_jp,operator_en,full_name,commons_prefix,commons_root_category,commons_root_decision,commons_candidates,needs_review,commons_operator_roots,power_type
E2系,新幹線E2系電車,現役,新幹線電車,営業用,['JR東日本の車両形式'],['JR東日本'],['JR East'],新幹線E2系電車,Shinkansen E2,Shinkansen E2,exact prefix match,"['Shinkansen E2', 'Shinkansen E2 (200 series livery)', 'Shinkansen E2 (pink line livery)', 'Shinkansen E2 (red line livery)', 'Shinkansen E2 at Fukushima Station (Fukushima)', 'Shinkansen E2 at Hachinohe Station', 'Shinkansen E2 at Kumagaya Station', 'Shinkansen E2 at Kōriyama Station (Fukushima)', 'Shinkansen E2 at Morioka Station', 'Shinkansen E2 at Nagano Station', 'Shinkansen E2 at Niigata Station', 'Shinkansen E2 at Sendai Station (Miyagi)', 'Shinkansen E2 at Shin-Aomori Station', 'Shinkansen E2 at Tokyo Station', 'Shinkansen E2 at Ueno Station', 'Shinkansen E2 at Utsunomiya Station', 'Shinkansen E2 at Ōmiya Station (Saitama)', 'Shinkansen E2 on Hokuriku Shinkansen', 'Shinkansen E2 on Jōetsu Shinkansen', 'Shinkansen E2 on Tōhoku Shinkansen']",False,{'JR East': 'Shinkansen E2'},EMU
E3系,新幹線E3系電車,現役,新幹線電車,営業用,['JR東日本の車両形式'],['JR東日本'],['JR East'],新幹線E3系電車,Shinkansen E3,Shinkansen E3,exact prefix match,"['Shinkansen E3', 'Shinkansen E3-0', 'Shinkansen E3-1000', 'Shinkansen E3-1000 in silver livery', 'Shinkansen E3-1000 in white and purple livery', 'Shinkansen E3-2000', 'Shinkansen E3-2000 in silver livery', 'Shinkansen E3-2000 in white and purple livery', 'Shinkansen E3-700', 'Shinkansen E3 at Akita Station', 'Shinkansen E3 at Fukushima Station (Fukushima)', 'Shinkansen E3 at Kōriyama Station (Fukushima)', 'Shinkansen E3 at Morioka Station', 'Shinkansen E3 at Sendai Station (Miyagi)', 'Shinkansen E3 at Shinjō Station', 'Shinkansen E3 at Tokyo Station', 'Shinkansen E3 at Ueno Station', 'Shinkansen E3 at Utsunomiya Station', 'Shinkansen E3 at Yamagata Station', 'Shinkansen E3 at Ōmagari Station (Akita)']",False,{'JR East': 'Shinkansen E3'},EMU
E5系,新幹線E5系・H5系電車,現役,新幹線電車,営業用,['JR東日本の車両形式'],['JR東日本'],['JR East'],新幹線E5系・H5系電車,Shinkansen E5,Shinkansen E5,exact prefix match,"['Shinkansen E5', 'Shinkansen E5 at Hachinohe Station', 'Shinkansen E5 at Kōriyama Station (Fukushima)', 'Shinkansen E5 at Morioka Station', 'Shinkansen E5 at Sendai Station (Miyagi)', 'Shinkansen E5 at Shin-Aomori Station', 'Shinkansen E5 at Shin-Hakodate-Hokuto Station', 'Shinkansen E5 at Tokyo Station', 'Shinkansen E5 at Ōmiya Station (Saitama)', 'Shinkansen E5 on Hokkaidō Shinkansen', 'Shinkansen E5 on Tōhoku Shinkansen', 'Shinkansen E5 series E514 mockup']",False,{'JR East': 'Shinkansen E5'},EMU
E6系,新幹線E6系電車,現役,新幹線電車,営業用,['JR東日本の車両形式'],['JR東日本'],['JR East'],新幹線E6系電車,Shinkansen E6,Shinkansen E6,exact prefix match,"['Shinkansen E6', 'Shinkansen E6 at Akita Station', 'Shinkansen E6 at Morioka Station', 'Shinkansen E6 at Sendai Station (Miyagi)', 'Shinkansen E6 at Tokyo Station', 'Shinkansen E6 at Ōkama Station', 'Shinkansen E6 at Ōmagari Station (Akita)', 'Shinkansen E6 at Ōmiya Station (Saitama)', 'Shinkansen E6 on Akita Shinkansen', 'Shinkansen E6 on Tōhoku Shinkansen']",False,{'JR East': 'Shinkansen E6'},EMU
E7系,新幹線E7系・W7系電車,現役,新幹線電車,営業用,['JR東日本の車両形式'],['JR東日本'],['JR East'],新幹線E7系・W7系電車,Shinkansen E7,Shinkansen E7,exact prefix match,"['Shinkansen E7', 'Shinkansen E7 (pink line livery)', 'Shinkansen E7 at Kanazawa Station', 'Shinkansen E7 at Nagano Station', 'Shinkansen E7 at Tokyo Station', 'Shinkansen E7 at Ueno Station', 'Shinkansen E7 at Ōmiya Station (Saitama)', 'Shinkansen E7 on Hokuriku Shinkansen', 'Shinkansen E7 on Jōetsu Shinkansen', 'Shinkansen E7 on Tōhoku Shinkansen']",False,{'JR East': 'Shinkansen E7'},EMU
E8系,新幹線E8系電車,現役,新幹線電車,営業用,['JR東日本の車両形式'],['JR東日本'],['JR East'],新幹線E8系電車,Shinkansen E8,Shinkansen E8,exact prefix match,"['Shinkansen E8', 'Shinkansen E8 at Ōmiya Station (Saitama)', 'Shinkansen E8 on Tōhoku Shinkansen']",False,{'JR East': 'Shinkansen E8'},EMU
E926形,新幹線E926形電車,現役,新幹線電車,事業用,['JR東日本の車両形式'],['JR東日本'],['JR East'],新幹線E926形電車,Shinkansen E926,Shinkansen E926,exact prefix match,['Shinkansen E926'],False,{'JR East': 'Shinkansen E926'},EMU
E956形,新幹線E956形電車,現役,新幹線電車,事業用,['JR東日本の車両形式'],['JR東日本'],['JR East'],新幹線E956形電車,Shinkansen E956,Shinkansen E956,exact prefix match,['Shinkansen E956'],False,{'JR East': 'Shinkansen E956'},EMU
C57形,国鉄C57形蒸気機関車,現役,蒸気機関車,,['JR東日本の車両形式'],['JR東日本'],['JR East'],国鉄C57形蒸気機関車,C57 steam locomotive,C57 steam locomotives,plural category match,"['C57 steam locomotives', 'C57 steam locomotives (Hokkaido)', 'C57 steam locomotives by number', 'C57 steam locomotives in service']",False,{'JR East': 'C57 steam locomotives'},Steam Locomotive
C58形,国鉄C58形蒸気機関車,現役,蒸気機関車,,['JR東日本の車両形式'],['JR東日本'],['JR East'],国鉄C58形蒸気機関車,C58 steam locomotive,C58 steam locomotives,plural category match,"['C58 steam locomotives', 'C58 steam locomotives (Hokkaido)', 'C58 steam locomotives by number', 'C58 steam locomotives in service']",False,{'JR East': 'C58 steam locomotives'},Steam Locomotive
C61形,国鉄C61形蒸気機関車,現役,蒸気機関車,,['JR東日本の車両形式'],['JR東日本'],['JR East'],国鉄C61形蒸気機関車,C61 steam locomotive,C61 steam locomotives,plural category match,"['C61 steam locomotives', 'C61 steam locomotives in service']",False,{'JR East': 'C61 steam locomotives'},Steam Locomotive
D51形,国鉄D51形蒸気機関車,現役,蒸気機関車,,['JR東日本の車両形式'],['JR東日本'],['JR East'],国鉄D51形蒸気機関車,D51 steam locomotive,D51 steam locomotives,plural category match,"['D51 steam locomotive backheads', 'D51 steam locomotive wheels', 'D51 steam locomotive wheels at Shimbashi Station', 'D51 steam locomotives', 'D51 steam locomotives (Hokkaido)', 'D51 steam locomotives by number', 'D51 steam locomotives in service']",False,{'JR East': 'D51 steam locomotives'},Steam Locomotive
EF64形,国鉄EF64形電気機関車,現役,電気機関車,直流用,['JR東日本の車両形式'],['JR東日本'],['JR East'],国鉄EF64形電気機関車,JNR EF64,JNR EF64,exact prefix match,['JNR EF64'],False,{'JR East': 'JNR EF64'},Electric Locomotive
EF65形,国鉄EF65形電気機関車,現役,電気機関車,直流用,['JR東日本の車両形式'],['JR東日本'],['JR East'],国鉄EF65形電気機関車,JNR EF65,JNR EF65,exact prefix match,"['JNR EF65', 'JNR EF65-520 at the Usui Pass Railway Heritage Park']",False,{'JR East': 'JNR EF65'},Electric Locomotive
EF81形,国鉄EF81形電気機関車,現役,電気機関車,交直両用,['JR東日本の車両形式'],['JR東日本'],['JR East'],国鉄EF81形電気機関車,JNR EF81,JNR EF81,exact prefix match,['JNR EF81'],False,{'JR East': 'JNR EF81'},Electric Locomotive
DD14形,国鉄DD14形ディーゼル機関車,現役,ディーゼル機関車,,['JR東日本の車両形式'],['JR東日本'],['JR East'],国鉄DD14形ディーゼル機関車,JNR DD14,JNR DD14,exact prefix match,['JNR DD14'],False,{'JR East': 'JNR DD14'},Diesel Locomotive
DD51形,国鉄DD51形ディーゼル機関車,現役,ディーゼル機関車,,['JR東日本の車両形式'],['JR東日本'],['JR East'],国鉄DD51形ディーゼル機関車,JNR DD51,JNR DD51,exact prefix match,"['JNR DD51', 'JNR DD51 1043', 'JNR DD51 1109', 'JNR DD51 1191', 'JNR DD51 1 at the Usui Pass Railway Heritage Park', 'JNR DD51 615 at Otaru museum', 'JNR DD51 759']",False,{'JR East': 'JNR DD51'},Diesel Locomotive
DE10形,国鉄DE10形ディーゼル機関車,現役,ディーゼル機関車,,['JR東日本の車両形式'],['JR東日本'],['JR East'],国鉄DE10形ディーゼル機関車,JNR DE10,JNR DE10,exact prefix match,"['JNR DE10', 'JNR DE10 (Sagano Scenic Railway)', 'JNR DE10 1500']",False,{'JR East': 'JNR DE10'},Diesel Locomotive
157系,国鉄157系電車,現役,電車,特急形,['JR東日本の車両形式'],['JR東日本'],['JR East'],国鉄157系電車,JNR 157,JNR 157,exact prefix match,"['JNR 157', 'JNR 157 series Kuro 157 1']",False,{'JR East': 'JNR 157'},EMU
253系,JR東日本253系電車,現役,電車,特急形,['JR東日本の車両形式'],['JR東日本'],['JR East'],JR東日本253系電車,JR East 253,JR East 253,exact prefix match,"['JR East 253', 'JR East 253-1000']",False,{'JR East': 'JR East 253'},EMU
255系,JR東日本255系電車,現役,電車,特急形,['JR東日本の車両形式'],['JR東日本'],['JR East'],JR東日本255系電車,JR East 255,JR East 255,exact prefix match,['JR East 255'],False,{'JR East': 'JR East 255'},EMU
E257系,JR東日本E257系電車,現役,電車,特急形,['JR東日本の車両形式'],['JR東日本'],['JR East'],JR東日本E257系電車,JR East E257,JR East E257,exact prefix match,"['JR East E257', 'JR East E257-0', 'JR East E257-2000', 'JR East E257-2500', 'JR East E257-500', 'JR East E257-5000', 'JR East E257-5500', 'JR East E257 at Tokyo Station']",False,{'JR East': 'JR East E257'},EMU
E259系,JR東日本E259系電車,現役,電車,特急形,['JR東日本の車両形式'],['JR東日本'],['JR East'],JR東日本E259系電車,JR East E259,JR East E259,exact prefix match,['JR East E259'],False,{'JR East': 'JR East E259'},EMU
E261系,JR東日本E261系電車,現役,電車,特急形,['JR東日本の車両形式'],['JR東日本'],['JR East'],JR東日本E261系電車,JR East E261,JR East E261,exact prefix match,['JR East E261'],False,{'JR East': 'JR East E261'},EMU
E353系,JR東日本E353系電車,現役,電車,特急形,['JR東日本の車両形式'],['JR東日本'],['JR East'],JR東日本E353系電車,JR East E353,JR East E353,exact prefix match,['JR East E353'],False,{'JR East': 'JR East E353'},EMU
583系,国鉄583系電車,現役,電車,特急形,['JR東日本の車両形式'],['JR東日本'],['JR East'],国鉄583系電車,JNR 583,JNR 583,exact prefix match,"['JNR 583', 'JNR 583, cream', 'JNR 583 in JNR livery', 'JNR 583 in JR West livery', 'JNR 583 series Kuhane 581-35 at the Kyoto Railway Museum']",False,{'JR East': 'JNR 583'},EMU
651系,JR東日本651系電車,現役,電車,特急形,['JR東日本の車両形式'],['JR東日本'],['JR East'],JR東日本651系電車,JR East 651,JR East 651,exact prefix match,"['JR East 651', 'JR East 651-0', 'JR East 651-1000']",False,{'JR East': 'JR East 651'},EMU
E653系,JR東日本E653系電車,現役,電車,特急形,['JR東日本の車両形式'],['JR東日本'],['JR East'],JR東日本E653系電車,JR East E653,JR East E653,exact prefix match,"['JR East E653', 'JR East E653-1000', 'JR East E653-1000 in JNR livery', 'JR East E653-1000 in blue livery', 'JR East E653-1000 in magenta livery', 'JR East E653-1000 in only blue (Ruri-iro) livery', 'JR East E653-1100', 'JR East E653 in blue livery', 'JR East E653 in green livery', 'JR East E653 in orange livery', 'JR East E653 in red livery', 'JR East E653 in yellow livery']",False,{'JR East': 'JR East E653'},EMU
E655系,JR東日本E655系電車,現役,電車,特急形,['JR東日本の車両形式'],['JR東日本'],['JR East'],JR東日本E655系電車,JR East E655,JR East E655,exact prefix match,['JR East E655'],False,{'JR East': 'JR East E655'},EMU
E657系,JR東日本E657系電車,現役,電車,特急形,['JR東日本の車両形式'],['JR東日本'],['JR East'],JR東日本E657系電車,JR East E657,JR East E657,exact prefix match,['JR East E657'],False,{'JR East': 'JR East E657'},EMU
E751系,JR東日本E751系電車,現役,電車,特急形,['JR東日本の車両形式'],['JR東日本'],['JR East'],JR東日本E751系電車,JR East E751,JR East E751,exact prefix match,['JR East E751'],False,{'JR East': 'JR East E751'},EMU
211系,国鉄211系電車,現役,電車,近郊形,['JR東日本の車両形式'],['JR東日本'],['JR East'],国鉄211系電車,JNR 211,JNR 211,exact prefix match,"['JNR 211', 'JNR 211-0 (JR Central)', 'JNR 211 (JR Central)', 'JNR 211 (JR East)', 'JNR 211 at Tokyo Station']",False,{'JR East': 'JNR 211'},EMU
719系,JR東日本719系電車,現役,電車,近郊形,['JR東日本の車両形式'],['JR東日本'],['JR East'],JR東日本719系電車,JR East 719,JR East 719,exact prefix match,"['JR East 719', 'JR East 719-0', 'JR East 719-5000', 'JR East 719-700']",False,{'JR East': 'JR East 719'},EMU
E127系,JR東日本E127系電車,現役,電車,通勤形,['JR東日本の車両形式'],['JR東日本'],['JR East'],JR東日本E127系電車,JR East E127,JR East E127,exact prefix match,['JR East E127'],False,{'JR East': 'JR East E127'},EMU
205系,国鉄205系電車,現役,電車,通勤形,['JR東日本の車両形式'],['JR東日本'],['JR East'],国鉄205系電車,JNR 205,JNR 205,exact prefix match,"['JNR 205', 'JNR 205-0 (Hanwa Line)', 'JNR 205-0 (JR West)', 'JNR 205-0 (Nara Line)', 'JNR 205-0 (Tōkaidō-Sanyō Line local service)', 'JNR 205 (Chōū-Sobu Line)', 'JNR 205 (Hachikō Line)', 'JNR 205 (Hanwa Line)', 'JNR 205 (Hanwa Line local service)', 'JNR 205 (JR East)', 'JNR 205 (JR West)', 'JNR 205 (Kawagoe Line)', 'JNR 205 (Keihin-Tohoku Line)', 'JNR 205 (Keiyō Line)', 'JNR 205 (Miyakoji Rapid Service)', 'JNR 205 (Musashino Line)', 'JNR 205 (Nambu Line)', 'JNR 205 (Nara Line)', 'JNR 205 (Nara Line Local Service)', 'JNR 205 (Nara Line Miyakoji Rapid Service)']",False,{'JR East': 'JNR 205'},EMU
209系,JR東日本209系電車,現役,電車,通勤形,['JR東日本の車両形式'],['JR東日本'],['JR East'],JR東日本209系電車,JR East 209,JR East 209,exact prefix match,"['JR East 209', 'JR East 209-0 (Keihin-Tōhoku Line)', 'JR East 209-0 (Nambu Line)', 'JR East 209-1000', 'JR East 209-2000/2100', 'JR East 209-2200', 'JR East 209-3000', 'JR East 209-3100', 'JR East 209-3500', 'JR East 209-500', 'JR East 209-500 (Chūō-Sōbu Line)', 'JR East 209-500 (Keihin-Tōhoku Line)', 'JR East 209-500 (Keiyō Line)', 'JR East 209-500 (Musashino Line)', 'JR East 209-900', 'JR East 209 at Tokyo Station']",False,{'JR East': 'JR East 209'},EMU
E501系,JR東日本E501系電車,現役,電車,通勤形,['JR東日本の車両形式'],['JR東日本'],['JR East'],JR東日本E501系電車,JR East E501,JR East E501,exact prefix match,['JR East E501'],False,{'JR East': 'JR East E501'},EMU
701系,JR東日本701系電車,現役,電車,通勤形,['JR東日本の車両形式'],['JR東日本'],['JR East'],JR東日本701系電車,JR East 701,JR East 701,exact prefix match,"['JR East 701', 'JR East 701-0', 'JR East 701-100', 'JR East 701-1000', 'JR East 701-1500', 'JR East 701-5000', 'JR East 701-5500', 'JR East 701 in Akita livery', 'JR East 701 in Morioka livery', 'JR East 701 in Sendai livery']",False,{'JR East': 'JR East 701'},EMU
E129系,JR東日本E129系電車,現役,電車,一般形,['JR東日本の車両形式'],['JR東日本'],['JR East'],JR東日本E129系電車,JR East E129,JR East E129,exact prefix match,['JR East E129'],False,{'JR East': 'JR East E129'},EMU
E131系,JR東日本E131系電車,現役,電車,一般形,['JR東日本の車両形式'],['JR東日本'],['JR East'],JR東日本E131系電車,JR East E131,JR East E131,exact prefix match,"['JR East E131', 'JR East E131-0', 'JR East E131-1000', 'JR East E131-500', 'JR East E131-600', 'JR East E131-800']",False,{'JR East': 'JR East E131'},EMU
E231系,JR東日本E231系電車,現役,電車,一般形,['JR東日本の車両形式'],['JR東日本'],['JR East'],JR東日本E231系電車,JR East E231,JR East E231,exact prefix match,"['JR East E231', 'JR East E231-0 (Chūō-Sōbu Line)', 'JR East E231-0 (Jōban Line)', 'JR East E231-0 (Musashino Line)', 'JR East E231-1000', 'JR East E231-3000', 'JR East E231-500', 'JR East E231-500 (Chūō-Sōbu Line)', 'JR East E231-500 (Yamanote Line)', 'JR East E231-500 at Tokyo Station', 'JR East E231-800', 'JR East E231-900', 'JR East E231-900 (Musashino Line)', 'JR East E231 at Tokyo Station']",False,{'JR East': 'JR East E231'},EMU
E233系,JR東日本E233系電車,現役,電車,一般形,['JR東日本の車両形式'],['JR東日本'],['JR East'],JR東日本E233系電車,JR East E233,JR East E233,exact prefix match,"['JR East E233', 'JR East E233-0', 'JR East E233-0 (Information display)', 'JR East E233-1000', 'JR East E233-2000', 'JR East E233-3000', 'JR East E233-5000', 'JR East E233-6000', 'JR East E233-7000', 'JR East E233-8000', 'JR East E233-8500', 'JR East E233 at Tokyo Station']",False,{'JR East': 'JR East E233'},EMU
E235系,JR東日本E235系電車,現役,電車,一般形,['JR東日本の車両形式'],['JR東日本'],['JR East'],JR東日本E235系電車,JR East E235,JR East E235,exact prefix match,"['JR East E235', 'JR East E235-0', 'JR East E235-0 at Tokyo Station', 'JR East E235-1000']",False,{'JR East': 'JR East E235'},EMU
E531系,JR東日本E531系電車,現役,電車,一般形,['JR東日本の車両形式'],['JR東日本'],['JR East'],JR東日本E531系電車,JR East E531,JR East E531,exact prefix match,['JR East E531'],False,{'JR East': 'JR East E531'},EMU
E721系,JR東日本E721系電車,現役,電車,一般形,['JR東日本の車両形式'],['JR東日本'],['JR East'],JR東日本E721系電車,JR East E721,JR East E721,exact prefix match,"['JR East E721', 'JR East E721-0 series', 'JR East E721-1000 series', 'JR East E721-500 series']",False,{'JR East': 'JR East E721'},EMU
EV-E301系,JR東日本EV-E301系電車,現役,電車,一般形,['JR東日本の車両形式'],['JR東日本'],['JR East'],JR東日本EV-E301系電車,JR East EV-E301,JR East EV-E301,exact prefix match,['JR East EV-E301'],False,{'JR East': 'JR East EV-E301'},EMU
EV-E801系,JR東日本EV-E801系電車,現役,電車,一般形,['JR東日本の車両形式'],['JR東日本'],['JR East'],JR東日本EV-E801系電車,JR East EV-E801,JR East EV-E801,exact prefix match,['JR East EV-E801'],False,{'JR East': 'JR East EV-E801'},EMU
E491系,JR東日本E491系電車,現役,電車,事業用,['JR東日本の車両形式'],['JR東日本'],['JR East'],JR東日本E491系電車,JR East E491,JR East E491,exact prefix match,['JR East E491'],False,{'JR East': 'JR East E491'},EMU
E493系,JR東日本E493系電車,現役,電車,事業用,['JR東日本の車両形式'],['JR東日本'],['JR East'],JR東日本E493系電車,JR East E493,JR East E493,exact prefix match,['JR East E493'],False,{'JR East': 'JR East E493'},EMU
FV-E991系,JR東日本FV-E991系電車,現役,電車,事業用,['JR東日本の車両形式'],['JR東日本'],['JR East'],JR東日本FV-E991系電車,JR East FV-E991,JR East FV-E991,exact prefix match,['JR East FV-E991'],False,{'JR East': 'JR East FV-E991'},EMU
キハ40系,国鉄キハ40系気動車 (2代),現役,気動車,一般形,['JR東日本の車両形式'],['JR東日本'],['JR East'],国鉄キハ40系気動車 (2代),JNR Kiha 40,JNR Kiha 40 series,"promoted: ""JNR Kiha 40 series"" is parent of ""JNR Kiha 40""","['JNR Kiha 40', 'JNR Kiha 40 (JR Shikoku)', 'JNR Kiha 40 100', 'JNR Kiha 40 2000', 'JNR Kiha 40 series', 'JNR Kiha 40 series (JR Central)', 'JNR Kiha 40 series (JR East)', 'JNR Kiha 40 series (JR Hokkaido)', 'JNR Kiha 40 series (JR Kyushu)', 'JNR Kiha 40 series (JR Shikoku)', 'JNR Kiha 40 series (JR West)']",False,{'JR East': 'JNR Kiha 40 series'},DMU
キハ100系,JR東日本キハ100系・キハ110系気動車,現役,気動車,一般形,['JR東日本の車両形式'],['JR東日本'],['JR East'],JR東日本キハ100系・キハ110系気動車,JR East KiHa 100 series,JR East KiHa 100 series,manual completion,[],False,{'JR East': 'JR East KiHa 100 series'},DMU
キハ110系,JR東日本キハ100系・キハ110系気動車,現役,気動車,一般形,['JR東日本の車両形式'],['JR東日本'],['JR East'],JR東日本キハ100系・キハ110系気動車,JR East KiHa 110 series,JR East KiHa 110 series,manual completion,[],False,{'JR East': 'JR East KiHa 110 series'},DMU
キハE120形,JR東日本キハE120形気動車,現役,気動車,一般形,['JR東日本の車両形式'],['JR東日本'],['JR East'],JR東日本キハE120形気動車,JR East E120,JR East E120,exact prefix match,['JR East E120'],False,{'JR East': 'JR East E120'},DMU
キハE130系,JR東日本キハE130系気動車,現役,気動車,一般形,['JR東日本の車両形式'],['JR東日本'],['JR East'],JR東日本キハE130系気動車,JR East E130,JR East E130,exact prefix match,['JR East E130'],False,{'JR East': 'JR East E130'},DMU
GV-E400系,JR東日本GV-E400系気動車,現役,気動車,一般形,['JR東日本の車両形式'],['JR東日本'],['JR East'],JR東日本GV-E400系気動車,JR East GV-E400,JR East GV-E400,exact prefix match,"['JR East GV-E400', 'JR East GV-E400 parts']",False,{'JR East': 'JR East GV-E400'},DMU
キハE200形,JR東日本キハE200形気動車,現役,気動車,一般形,['JR東日本の車両形式'],['JR東日本'],['JR East'],JR東日本キハE200形気動車,JR East E200,JR East E200,exact prefix match,['JR East E200'],False,{'JR East': 'JR East E200'},DMU
HB-E210系,JR東日本HB-E210系気動車,現役,気動車,一般形,['JR東日本の車両形式'],['JR東日本'],['JR East'],JR東日本HB-E210系気動車,JR East HB-E210,JR East HB-E210,exact prefix match,['JR East HB-E210'],False,{'JR East': 'JR East HB-E210'},DMU
HB-E220系,JR東日本HB-E220系気動車,現役,気動車,一般形,['JR東日本の車両形式'],['JR東日本'],['JR East'],JR東日本HB-E220系気動車,JR East HB-E220,JR East HB-E220,exact prefix match,['JR East HB-E220'],False,{'JR East': 'JR East HB-E220'},DMU
HB-E300系,JR東日本HB-E300系気動車,現役,気動車,一般形,['JR東日本の車両形式'],['JR東日本'],['JR East'],JR東日本HB-E300系気動車,JR East HB-E300,JR East HB-E300,exact prefix match,['JR East HB-E300'],False,{'JR East': 'JR East HB-E300'},DMU
キヤE193系,JR東日本キヤE193系気動車,現役,気動車,事業用,['JR東日本の車両形式'],['JR東日本'],['JR East'],JR東日本キヤE193系気動車,JR East E193,JR East E193,exact prefix match,['JR East E193'],False,{'JR East': 'JR East E193'},DMU
キヤE195系,JR東海キヤ97系気動車#JR東日本キヤE195系気動車,現役,気動車,事業用,['JR東日本の車両形式'],['JR東日本'],['JR East'],JR東海キヤ97系気動車#JR東日本キヤE195系気動車,JR East Kiya E195,JR East Kiya E195,exact prefix match,['JR East Kiya E195'],False,{'JR East': 'JR East Kiya E195'},DMU
GV-E197系,JR東日本GV-E197系気動車,現役,気動車,事業用,['JR東日本の車両形式'],['JR東日本'],['JR East'],JR東日本GV-E197系気動車,JR East GV-E197,JR East GV-E197,exact prefix match,['JR East GV-E197'],False,{'JR East': 'JR East GV-E197'},DMU
E001形,TRAIN SUITE 四季島#使用車両・編成,現役,電気・ディーゼル両用（EDC方式）車両,,['JR東日本の車両形式'],['JR東日本'],['JR East'],JR東日本E001形クルーズトレイン「TRAIN SUITE 四季島」,JR East E001,JR East E001,exact prefix match,['JR East E001'],False,{'JR East': 'JR East E001'},Electro-diesel Multiple Unit
200系,新幹線200系電車,廃止,新幹線電車,営業用,['JR東日本の車両形式'],['JR東日本'],['JR East'],新幹線200系電車,Shinkansen 200,Shinkansen 200,exact prefix match,"['Shinkansen 200', 'Shinkansen 200 at Niigata Station', 'Shinkansen 200 at Sendai Station (Miyagi)', 'Shinkansen 200 at Tokyo Station', 'Shinkansen 200 at Ueno Station', 'Shinkansen 200 at Ōmiya Station (Saitama)', 'Shinkansen 200 in cream and green livery', 'Shinkansen 200 in white and blue livery', 'Shinkansen 200 on Hokuriku Shinkansen', 'Shinkansen 200 on Jōetsu Shinkansen', 'Shinkansen 200 on Tōhoku Shinkansen', 'Shinkansen 200 with a sharp nose shape']",False,{'JR East': 'Shinkansen 200'},EMU
400系,新幹線400系電車,廃止,新幹線電車,営業用,['JR東日本の車両形式'],['JR東日本'],['JR East'],新幹線400系電車,Shinkansen 400,Shinkansen 400,exact prefix match,"['Shinkansen 400', 'Shinkansen 400 (original livery)', 'Shinkansen 400 at Fukushima Station (Fukushima)', 'Shinkansen 400 at Shinjō Station', 'Shinkansen 400 at Tokyo Station', 'Shinkansen 400 at Utsunomiya Station', 'Shinkansen 400 at Yamagata Station', 'Shinkansen 400 at Ōmiya Station (Saitama)', 'Shinkansen 400 on Tōhoku Shinkansen', 'Shinkansen 400 on Yamagata Shinkansen', 'Shinkansen 400 series car 411-3']",False,{'JR East': 'Shinkansen 400'},EMU
E1系,新幹線E1系電車,廃止,新幹線電車,営業用,['JR東日本の車両形式'],['JR東日本'],['JR East'],新幹線E1系電車,Shinkansen E1,Shinkansen E1,exact prefix match,"['Shinkansen E1', 'Shinkansen E1 (original livery)', 'Shinkansen E1 (pink line livery)', 'Shinkansen E1 (white and blue livery)', 'Shinkansen E1 at Niigata Station', 'Shinkansen E1 at Tokyo Station', 'Shinkansen E1 at Ueno Station', 'Shinkansen E1 at Ōmiya Station (Saitama)', 'Shinkansen E1 on Jōetsu Shinkansen', 'Shinkansen E1 on Tōhoku Shinkansen', 'Shinkansen E1 series car 153-104']",False,{'JR East': 'Shinkansen E1'},EMU
E4系,新幹線E4系電車,廃止,新幹線電車,営業用,['JR東日本の車両形式'],['JR東日本'],['JR East'],新幹線E4系電車,Shinkansen E4,Shinkansen E4,exact prefix match,"['Shinkansen E4', 'Shinkansen E4 (pink line livery)', 'Shinkansen E4 (yellow line livery)', 'Shinkansen E4 at Fukushima Station (Fukushima)', 'Shinkansen E4 at Kumagaya Station', 'Shinkansen E4 at Niigata Station', 'Shinkansen E4 at Sendai Station (Miyagi)', 'Shinkansen E4 at Tokyo Station', 'Shinkansen E4 at Ueno Station', 'Shinkansen E4 at Ōmiya Station (Saitama)', 'Shinkansen E4 on Jōetsu Shinkansen', 'Shinkansen E4 on Tōhoku Shinkansen']",False,{'JR East': 'Shinkansen E4'},EMU
922形,ドクターイエロー#921形,廃止,新幹線電車,事業用,['JR東日本の車両形式'],['国鉄'],['JNR'],ドクターイエロー#921形,Shinkansen 922,Shinkansen 922,manual correction,[],False,{'JNR': 'Shinkansen 922'},EMU
925形,ドクターイエロー#925形,廃止,新幹線電車,事業用,['JR東日本の車両形式'],['JR東日本'],['JR East'],ドクターイエロー#925形,Shinkansen 925,Shinkansen 925,exact prefix match,['Shinkansen 925'],False,{'JR East': 'Shinkansen 925'},EMU
952/953形,新幹線952形・953形電車,廃止,新幹線電車,事業用,['JR東日本の車両形式'],['JR東日本'],['JR East'],新幹線952形・953形電車,Shinkansen 952,Shinkansen 952/953,fallback to first prefix result,['Shinkansen 952/953'],True,{'JR East': 'Shinkansen 952/953'},EMU
E954形,新幹線E954形電車,廃止,新幹線電車,事業用,['JR東日本の車両形式'],['JR東日本'],['JR East'],新幹線E954形電車,Shinkansen E954,Shinkansen E954,exact prefix match,['Shinkansen E954'],False,{'JR East': 'Shinkansen E954'},EMU
E955形,新幹線E955形電車,廃止,新幹線電車,事業用,['JR東日本の車両形式'],['JR東日本'],['JR East'],新幹線E955形電車,Shinkansen E955,Shinkansen E955,exact prefix match,['Shinkansen E955'],False,{'JR East': 'Shinkansen E955'},EMU
EF55形,国鉄EF55形電気機関車,廃止,電気機関車,直流用,['JR東日本の車両形式'],['JR東日本'],['JR East'],国鉄EF55形電気機関車,JNR EF55,JNR EF55,exact prefix match,['JNR EF55'],False,{'JR East': 'JNR EF55'},Electric Locomotive
EF58形,国鉄EF58形電気機関車,廃止,電気機関車,直流用,['JR東日本の車両形式'],['JR東日本'],['JR East'],国鉄EF58形電気機関車,JNR EF58,JNR EF58,exact prefix match,"['JNR EF58', 'JNR EF58 172 at the Usui Pass Railway Heritage Park']",False,{'JR East': 'JNR EF58'},Electric Locomotive
EF60形,国鉄EF60形電気機関車,廃止,電気機関車,直流用,['JR東日本の車両形式'],['JR東日本'],['JR East'],国鉄EF60形電気機関車,JNR EF60,JNR EF60,exact prefix match,"['JNR EF60', 'JNR EF60 123 at Ashikaga Station North Entrance Square', 'JNR EF60 501 at the Usui Pass Railway Heritage Park']",False,{'JR East': 'JNR EF60'},Electric Locomotive
EF62形,国鉄EF62形電気機関車,廃止,電気機関車,直流用,['JR東日本の車両形式'],['JR東日本'],['JR East'],国鉄EF62形電気機関車,JNR EF62,JNR EF62,exact prefix match,"['JNR EF62', 'JNR EF62 1 at the Usui Pass Railway Heritage Park', 'JNR EF62 54 at the Usui Pass Railway Heritage Park']",False,{'JR East': 'JNR EF62'},Electric Locomotive
EF63形,国鉄EF63形電気機関車,廃止,電気機関車,直流用,['JR東日本の車両形式'],['JR東日本'],['JR East'],国鉄EF63形電気機関車,JNR EF63,JNR EF63,exact prefix match,"['JNR EF63', 'JNR EF63 10 at the Usui Pass Railway Heritage Park', 'JNR EF63 11 at the Usui Pass Railway Heritage Park', 'JNR EF63 12 at the Usui Pass Railway Heritage Park', 'JNR EF63 1 at the Usui Pass Railway Heritage Park', 'JNR EF63 24 at the Usui Pass Railway Heritage Park', 'JNR EF63 25 at the Usui Pass Railway Heritage Park', 'JNR EF63 2 at Karuizawa Station', 'JNR EF63 at the Usui Pass Railway Heritage Park']",False,{'JR East': 'JNR EF63'},Electric Locomotive
EF510形,JR貨物EF510形電気機関車,廃止,電気機関車,交直両用,['JR東日本の車両形式'],"['JR東日本', 'JR貨物']","['JR East', 'JR Freight']",JR貨物EF510形電気機関車,JR Freight EF510,JR Freight EF510,manual multi-operator root,['JR East EF510-500'],False,"{'JR East': 'JR East EF510-500', 'JR Freight': 'JR Freight EF510'}",Electric Locomotive
ED75形,国鉄ED75形電気機関車,廃止,電気機関車,交流用,['JR東日本の車両形式'],['JR東日本'],['JR East'],国鉄ED75形電気機関車,JNR ED75,JNR ED75,exact prefix match,['JNR ED75'],False,{'JR East': 'JNR ED75'},Electric Locomotive
ED77形,国鉄ED77形電気機関車,廃止,電気機関車,交流用,['JR東日本の車両形式'],['JR東日本'],['JR East'],国鉄ED77形電気機関車,JNR ED77,JNR ED77,exact prefix match,['JNR ED77'],False,{'JR East': 'JNR ED77'},Electric Locomotive
ED78形,国鉄ED78形電気機関車,廃止,電気機関車,交流用,['JR東日本の車両形式'],['JR東日本'],['JR East'],国鉄ED78形電気機関車,JNR ED78,JNR ED78,exact prefix match,['JNR ED78'],False,{'JR East': 'JNR ED78'},Electric Locomotive
EF71形,国鉄EF71形電気機関車,廃止,電気機関車,交流用,['JR東日本の車両形式'],['JR東日本'],['JR East'],国鉄EF71形電気機関車,JNR EF71,JNR EF71,exact prefix match,['JNR EF71'],False,{'JR East': 'JNR EF71'},Electric Locomotive
DD15形,国鉄DD15形ディーゼル機関車,廃止,ディーゼル機関車,,['JR東日本の車両形式'],['JR東日本'],['JR East'],国鉄DD15形ディーゼル機関車,JNR DD15,JNR DD15,exact prefix match,['JNR DD15'],False,{'JR East': 'JNR DD15'},Diesel Locomotive
DD16形,国鉄DD16形ディーゼル機関車,廃止,ディーゼル機関車,,['JR東日本の車両形式'],['JR東日本'],['JR East'],国鉄DD16形ディーゼル機関車,JNR DD16,JNR DD16,exact prefix match,['JNR DD16'],False,{'JR East': 'JNR DD16'},Diesel Locomotive
DD17形,国鉄DD17形ディーゼル機関車,廃止,ディーゼル機関車,,['JR東日本の車両形式'],['JR東日本'],['JR East'],国鉄DD17形ディーゼル機関車,JNR DD17,,no prefix returned categories,[],True,{},Diesel Locomotive
DD18形,JR東日本DD18形ディーゼル機関車,廃止,ディーゼル機関車,,['JR東日本の車両形式'],['JR東日本'],['JR East'],JR東日本DD18形ディーゼル機関車,JR East DD18,,no prefix returned categories,[],True,{},Diesel Locomotive
DD19形,国鉄DD17形ディーゼル機関車#DD19形,廃止,ディーゼル機関車,,['JR東日本の車両形式'],['JR東日本'],['JR East'],国鉄DD17形ディーゼル機関車#DD19形,JR East DD19,JR East DD19,manual completion,[],False,{'JR East': 'JR East DD19'},Diesel Locomotive
DD53形,国鉄DD53形ディーゼル機関車,廃止,ディーゼル機関車,,['JR東日本の車両形式'],['JR東日本'],['JR East'],国鉄DD53形ディーゼル機関車,JNR DD53,JNR DD53,exact prefix match,"['JNR DD53', 'JNR DD53 1 at the Usui Pass Railway Heritage Park']",False,{'JR East': 'JNR DD53'},Diesel Locomotive
DE11形,国鉄DE11形ディーゼル機関車,廃止,ディーゼル機関車,,['JR東日本の車両形式'],['JR東日本'],['JR East'],国鉄DE11形ディーゼル機関車,JNR DE11,JNR DE11,exact prefix match,['JNR DE11'],False,{'JR East': 'JNR DE11'},Diesel Locomotive
DE15形,国鉄DE15形ディーゼル機関車,廃止,ディーゼル機関車,,['JR東日本の車両形式'],['JR東日本'],['JR East'],国鉄DE15形ディーゼル機関車,JNR DE15,JNR DE15,exact prefix match,['JNR DE15'],False,{'JR East': 'JNR DE15'},Diesel Locomotive
183系,国鉄183系電車,廃止,電車,特急形,['JR東日本の車両形式'],['JR東日本'],['JR East'],国鉄183系電車,JNR 183,JNR 183,exact prefix match,"['JNR 183', 'JNR 183 (Azusa livery)', 'JNR 183 (Grade-Up Azusa livery)', 'JNR 183 (JR East)', 'JNR 183 (JR East in JNR livery)', 'JNR 183 (JR West)', 'JNR 183 at the Railway Museum (Saitama)', 'JNR 183 in JNR livery']",False,{'JR East': 'JNR 183'},EMU
185系,国鉄185系電車,廃止,電車,特急形,['JR東日本の車両形式'],['JR東日本'],['JR East'],国鉄185系電車,JNR 185,JNR 185,exact prefix match,"['JNR 185', 'JNR 185-0', 'JNR 185-200', 'JNR 185 at Tokyo Station', 'JNR 185 in JNR livery', 'JNR 185 in Shonan livery']",False,{'JR East': 'JNR 185'},EMU
189系,国鉄183系電車#189系,廃止,電車,特急形,['JR東日本の車両形式'],['JR東日本'],['JR East'],国鉄183系電車#189系,JNR 189,JNR 189,exact prefix match,"['JNR 189', 'JNR 189 (Asama livery)', 'JNR 189 (Azusa livery)', 'JNR 189 (Grade-Up Azusa livery)', 'JNR 189 (JR East)', 'JNR 189 (JR East) in JNR livery', 'JNR 189 (JR East, cream)', 'JNR 189 (JR East in JNR livery)', 'JNR 189 at the Usui Pass Railway Heritage Park']",False,{'JR East': 'JNR 189'},EMU
251系,JR東日本251系電車,廃止,電車,特急形,['JR東日本の車両形式'],['JR東日本'],['JR East'],JR東日本251系電車,JR East 251,JR East 251,exact prefix match,"['JR East 251', 'JR East 251 at Tokyo Station']",False,{'JR East': 'JR East 251'},EMU
E351系,JR東日本E351系電車,廃止,電車,特急形,['JR東日本の車両形式'],['JR東日本'],['JR East'],JR東日本E351系電車,JR East E351,JR East E351,exact prefix match,['JR East E351'],False,{'JR East': 'JR East E351'},EMU
481系,国鉄485系電車,廃止,電車,特急形,['JR東日本の車両形式'],['JR東日本'],['JR East'],国鉄485系電車,JNR 485,JNR 485,exact prefix match,"['JNR 485', 'JNR 485, cream', 'JNR 485-1500', 'JNR 485 (Huis Ten Bosch livery)', 'JNR 485 (JNR)', 'JNR 485 (JR East)', 'JNR 485 (JR East, cream)', 'JNR 485 (JR East in JNR livery)', 'JNR 485 (JR Kyushu)', 'JNR 485 (JR Kyushu, cream)', 'JNR 485 (JR Kyushu in JNR livery)', 'JNR 485 (JR West)', 'JNR 485 (JR West, cream)', 'JNR 485 (JR West in JNR livery)', 'JNR 485 (Kirishima & Hyuga livery)', 'JNR 485 (Kirishima Express livery)', 'JNR 485 (bonnet style)', 'JNR 485 by livery', 'JNR 485 by model', 'JNR 485 by operator']",False,{'JR East': 'JNR 485'},EMU
483系,国鉄485系電車,廃止,電車,特急形,['JR東日本の車両形式'],['JR東日本'],['JR East'],国鉄485系電車,JNR 483,,no prefix returned categories,[],True,{},EMU
485系,国鉄485系電車,廃止,電車,特急形,['JR東日本の車両形式'],['JR東日本'],['JR East'],国鉄485系電車,JNR 485,JNR 485,exact prefix match,"['JNR 485', 'JNR 485, cream', 'JNR 485-1500', 'JNR 485 (Huis Ten Bosch livery)', 'JNR 485 (JNR)', 'JNR 485 (JR East)', 'JNR 485 (JR East, cream)', 'JNR 485 (JR East in JNR livery)', 'JNR 485 (JR Kyushu)', 'JNR 485 (JR Kyushu, cream)', 'JNR 485 (JR Kyushu in JNR livery)', 'JNR 485 (JR West)', 'JNR 485 (JR West, cream)', 'JNR 485 (JR West in JNR livery)', 'JNR 485 (Kirishima & Hyuga livery)', 'JNR 485 (Kirishima Express livery)', 'JNR 485 (bonnet style)', 'JNR 485 by livery', 'JNR 485 by model', 'JNR 485 by operator']",False,{'JR East': 'JNR 485'},EMU
489系,国鉄485系電車,廃止,電車,特急形,['JR東日本の車両形式'],['JR東日本'],['JR East'],国鉄485系電車,JNR 489,JNR 489,exact prefix match,"['JNR 489', 'JNR 489, cream', 'JNR 489 (bonnet style)', 'JNR 489 (bonnet style, cream)', 'JNR 489 (bonnet style in JNR livery)', 'JNR 489 in Hakusan livery', 'JNR 489 in JNR livery', 'JNR 489 series Kuha 489-1 at the Kyoto Railway Museum']",False,{'JR East': 'JNR 489'},EMU
165系,国鉄165系電車,廃止,電車,急行形,['JR東日本の車両形式'],['JR東日本'],['JR East'],国鉄165系電車,JNR 165,JNR 165,exact prefix match,"['JNR 165', 'JNR 165 (JR Central)', 'JNR 165 (JR East)', 'JNR 165 (JR West)']",False,{'JR East': 'JNR 165'},EMU
167系,国鉄165系電車,廃止,電車,急行形,['JR東日本の車両形式'],['JR東日本'],['JR East'],国鉄165系電車,JNR 167,JNR 167,exact prefix match,"['JNR 167', 'JNR 167 Kuha 167 mock-up', 'JNR 167 Kuha 167 mock-up at the Railway Museum (Saitama)', 'JNR 167 Kuha 167 mock-up at the Transportation Museum']",False,{'JR East': 'JNR 167'},EMU
169系,国鉄165系電車,廃止,電車,急行形,['JR東日本の車両形式'],['JR東日本'],['JR East'],国鉄165系電車,JNR 169,JNR 169,exact prefix match,['JNR 169'],False,{'JR East': 'JNR 169'},EMU
451系,国鉄457系電車,廃止,電車,急行形,['JR東日本の車両形式'],['JR東日本'],['JR East'],国鉄457系電車,JNR 451,JNR 451,exact prefix match,['JNR 451'],False,{'JR East': 'JNR 451'},EMU
453系,国鉄457系電車,廃止,電車,急行形,['JR東日本の車両形式'],['JR東日本'],['JR East'],国鉄457系電車,JNR 453,,no prefix returned categories,[],True,{},EMU
455系,国鉄457系電車,廃止,電車,急行形,['JR東日本の車両形式'],['JR東日本'],['JR East'],国鉄457系電車,JNR 455,JNR 455,exact prefix match,"['JNR 455', 'JNR 455 (JR East)', 'JNR 455 (JR Kyushu)', 'JNR 455 (JR West)', 'JNR 455 series Kumoha 455-1 at the Railway Museum (Japan)']",False,{'JR East': 'JNR 455'},EMU
457系,国鉄457系電車,廃止,電車,急行形,['JR東日本の車両形式'],['JR東日本'],['JR East'],国鉄457系電車,JNR 457,JNR 457,exact prefix match,"['JNR 457', 'JNR 457 (JR Kyushu)', 'JNR 457 (JR West)']",False,{'JR East': 'JNR 457'},EMU
113系,国鉄113系電車,廃止,電車,近郊形,['JR東日本の車両形式'],['JR東日本'],['JR East'],国鉄113系電車,JNR 113,JNR 113,exact prefix match,"['JNR 113', 'JNR 113 (Fukuchiyama Line)', 'JNR 113 (JNR)', 'JNR 113 (JNR) in Blue Liner livery', 'JNR 113 (JNR) in Kasuga livery', 'JNR 113 (JNR) in Shonan livery', 'JNR 113 (JNR) in Yokosuka livery', 'JNR 113 (JR Central)', 'JNR 113 (JR Central) in Shonan livery', 'JNR 113 (JR East)', 'JNR 113 (JR East) in Shonan livery', 'JNR 113 (JR East) in Yokosuka livery', 'JNR 113 (JR Shikoku)', 'JNR 113 (JR West)', 'JNR 113 (JR West) by livery', 'JNR 113 (JR West) by series', 'JNR 113 (JR West) by service', 'JNR 113 (JR West) in Blue Liner livery', 'JNR 113 (JR West) in Kasuga livery', 'JNR 113 (JR West) in Shonan livery']",False,{'JR East': 'JNR 113'},EMU
115系,国鉄115系電車,廃止,電車,近郊形,['JR東日本の車両形式'],['JR東日本'],['JR East'],国鉄115系電車,JNR 115,JNR 115,exact prefix match,"['JNR 115', 'JNR 115-3000 (JR West)', 'JNR 115 (JNR)', 'JNR 115 (JNR) in Shonan Livery', 'JNR 115 (JR Central)', 'JNR 115 (JR Central) in Shonan livery', 'JNR 115 (JR East)', 'JNR 115 (JR East) in Shonan Livery', 'JNR 115 (JR East) in Yokosuka livery', 'JNR 115 (JR West)', 'JNR 115 (JR West) in Shonan Livery', 'JNR 115 by livery', 'JNR 115 in Hiroshima renewal livery', 'JNR 115 in Kansai renewal livery', 'JNR 115 in Minobu Line livery', 'JNR 115 in Nagano livery (I)', 'JNR 115 in Nagano livery (II)', 'JNR 115 in Niigata livery (I)', 'JNR 115 in Niigata livery (II)', 'JNR 115 in Niigata livery (III)']",False,{'JR East': 'JNR 115'},EMU
123系,国鉄123系電車,廃止,電車,近郊形,['JR東日本の車両形式'],['JR東日本'],['JR East'],国鉄123系電車,JNR 123,JNR 123,exact prefix match,"['JNR 123', 'JNR 123 (JR Central)', 'JNR 123 (JR East)', 'JNR 123 (JR West)', 'JNR 123 in Setouchi regional livery (yellow)']",False,{'JR East': 'JNR 123'},EMU
215系,JR東日本215系電車,廃止,電車,近郊形,['JR東日本の車両形式'],['JR東日本'],['JR East'],JR東日本215系電車,JR East 215,JR East 215,exact prefix match,['JR East 215'],False,{'JR East': 'JR East 215'},EMU
E217系,JR東日本E217系電車,廃止,電車,近郊形,['JR東日本の車両形式'],['JR東日本'],['JR East'],JR東日本E217系電車,JR East E217,JR East E217,exact prefix match,"['JR East E217', 'JR East E217 at Tokyo Station']",False,{'JR East': 'JR East E217'},EMU
401系,国鉄415系電車,廃止,電車,近郊形,['JR東日本の車両形式'],['JR東日本'],['JR East'],国鉄415系電車,JNR 401,JNR 401,exact prefix match,['JNR 401'],False,{'JR East': 'JNR 401'},EMU
403系,国鉄415系電車,廃止,電車,近郊形,['JR東日本の車両形式'],['JR東日本'],['JR East'],国鉄415系電車,JNR 403,JNR 403,exact prefix match,['JNR 403'],False,{'JR East': 'JNR 403'},EMU
415系,国鉄415系電車,廃止,電車,近郊形,['JR東日本の車両形式'],['JR東日本'],['JR East'],国鉄415系電車,JNR 415,JNR 415,exact prefix match,"['JNR 415', 'JNR 415 (JR East)', 'JNR 415 (JR Kyushu)']",False,{'JR East': 'JNR 415'},EMU
417系,国鉄417系電車,廃止,電車,近郊形,['JR東日本の車両形式'],['JR東日本'],['JR East'],国鉄417系電車,JNR 417,JNR 417,exact prefix match,['JNR 417'],False,{'JR East': 'JNR 417'},EMU
715系,国鉄419系・715系電車,廃止,電車,近郊形,['JR東日本の車両形式'],['JR東日本'],['JR East'],国鉄419系・715系電車,JNR 715,JNR 715,exact prefix match,"['JNR 715', 'JNR 715 (JR East)', 'JNR 715 (JR Kyushu)']",False,{'JR East': 'JNR 715'},EMU
717系,国鉄413系・717系電車,廃止,電車,近郊形,['JR東日本の車両形式'],['JR東日本'],['JR East'],国鉄413系・717系電車,JNR 717,JNR 717,exact prefix match,"['JNR 717', 'JNR 717 (JR East)', 'JNR 717 (JR Kyushu)']",False,{'JR East': 'JNR 717'},EMU
101系,国鉄101系電車,廃止,電車,通勤形,['JR東日本の車両形式'],['JR東日本'],['JR East'],国鉄101系電車,JNR 101,JNR 101,exact prefix match,"['JNR 101', 'JNR 101 by livery', 'JNR 101 in Nambu Branch Line livery', 'JNR 101 in Nambu Branchi Line livery', 'JNR 101 in canary yellow livery', 'JNR 101 in orange vermilion livery', 'JNR 101 in uguisu livery', 'JNR 101 series Kuha 101-902', 'JNR 101 series Kuha 101-902 at the Railway Museum (Saitama)', 'JNR 101 series Kumoha 100 at the Kyoto Railway Museum']",False,{'JR East': 'JNR 101'},EMU
103系,国鉄103系電車,廃止,電車,通勤形,['JR東日本の車両形式'],['JR東日本'],['JR East'],国鉄103系電車,JNR 103,JNR 103,exact prefix match,"['JNR 103', 'JNR 103-1000', 'JNR 103-1200', 'JNR 103 (Bantan Line)', 'JNR 103 (Hagoromo Line)', 'JNR 103 (Hanwa Line)', 'JNR 103 (Hanwa Line local service)', 'JNR 103 (JNR)', 'JNR 103 (JR Central)', 'JNR 103 (JR East)', 'JNR 103 (JR Kyushu)', 'JNR 103 (JR West)', 'JNR 103 (Jōban Line)', 'JNR 103 (Kakogawa Line)', 'JNR 103 (Kansai Main Line)', 'JNR 103 (Kansai Main Line local service)', 'JNR 103 (Kansai Main Line rapid service)', 'JNR 103 (Kawagoe Line)', 'JNR 103 (Keihin-Tōhoku Line)', 'JNR 103 (Keiyō Line)']",False,{'JR East': 'JNR 103'},EMU
105系,国鉄105系電車,廃止,電車,通勤形,['JR東日本の車両形式'],['JR東日本'],['JR East'],国鉄105系電車,JNR 105,JNR 105,exact prefix match,"['JNR 105', 'JNR 105 (3 doors on a side)', 'JNR 105 (4 doors on a side)', 'JNR 105 (Kabe Line)', 'JNR 105 (Kisei Main Line)', 'JNR 105 (Nara Line)', 'JNR 105 (Nara Line Local Service)', 'JNR 105 (Sakurai Line)', 'JNR 105 (Senseki Line)', 'JNR 105 (Wakayama Line)', 'JNR 105 by livery', 'JNR 105 in Kasuga livery', ""JNR 105 in Man'yō no Shiki livery"", 'JNR 105 in Manyō no Shiki livery', 'JNR 105 in Setouchi regional livery (yellow)', ""JNR 105 in Tabi Man'yō livery"", 'JNR 105 in Wakayama regional livery (turquoise)', 'JNR 105 in cream and red line livery', 'JNR 105 in red and blue line livery', 'JNR 105 in turquoise green livery']",False,{'JR East': 'JNR 105'},EMU
107系,JR東日本107系電車,廃止,電車,通勤形,['JR東日本の車両形式'],['JR東日本'],['JR East'],JR東日本107系電車,JR East 107,JR East 107,exact prefix match,['JR East 107'],False,{'JR East': 'JR East 107'},EMU
201系,国鉄201系電車,廃止,電車,通勤形,['JR東日本の車両形式'],['JR東日本'],['JR East'],国鉄201系電車,JNR 201,JNR 201,exact prefix match,"['JNR 201', 'JNR 201 (Chūō-Sōbu Line)', 'JNR 201 (Chūō Rapid Line)', 'JNR 201 (JNR)', 'JNR 201 (JR East)', 'JNR 201 (JR West)', 'JNR 201 (Kansai Main Line)', 'JNR 201 (Keiyō Line)', 'JNR 201 (Osaka Higashi Line)', 'JNR 201 (Osaka Loop Line)', 'JNR 201 (Sakurajima Line)', 'JNR 201 (Tōkaidō-Sanyō Line local service)', 'JNR 201 (Ōme Line)', 'JNR 201 at Tokyo Station', 'JNR 201 by line', 'JNR 201 by livery', 'JNR 201 in canary yellow livery', 'JNR 201 in orange vermilion livery', 'JNR 201 in sky blue livery', 'JNR 201 in uguisu livery']",False,{'JR East': 'JNR 201'},EMU
203系,国鉄203系電車,廃止,電車,通勤形,['JR東日本の車両形式'],['JR東日本'],['JR East'],国鉄203系電車,JNR 203,JNR 203,exact prefix match,['JNR 203'],False,{'JR East': 'JNR 203'},EMU
207系,国鉄207系電車,廃止,電車,通勤形,['JR東日本の車両形式'],['JR東日本'],['JR East'],国鉄207系電車,JNR 207,JNR 207,exact prefix match,['JNR 207'],False,{'JR East': 'JNR 207'},EMU
301系,国鉄301系電車,廃止,電車,通勤形,['JR東日本の車両形式'],['JR東日本'],['JR East'],国鉄301系電車,JNR 301,JNR 301,exact prefix match,['JNR 301'],False,{'JR East': 'JNR 301'},EMU
901系,JR東日本209系電車,廃止,電車,通勤形,['JR東日本の車両形式'],['JR東日本'],['JR East'],JR東日本209系電車,JR East 901,,no prefix returned categories,[],True,{},EMU
E331系,JR東日本E331系電車,廃止,電車,一般形,['JR東日本の車両形式'],['JR東日本'],['JR East'],JR東日本E331系電車,JR East E331,JR East E331,exact prefix match,['JR East E331'],False,{'JR East': 'JR East E331'},EMU
143系,国鉄143系電車,廃止,電車,事業用,['JR東日本の車両形式'],['JR東日本'],['JR East'],国鉄143系電車,JNR 143,JNR 143,exact prefix match,['JNR 143'],False,{'JR East': 'JNR 143'},EMU
145系,国鉄145系電車,廃止,電車,事業用,['JR東日本の車両形式'],['JR東日本'],['JR East'],国鉄145系電車,JNR 145,JNR 145,exact prefix match,['JNR 145'],False,{'JR East': 'JNR 145'},EMU
193系,国鉄193系電車,廃止,電車,事業用,['JR東日本の車両形式'],['JR東日本'],['JR East'],国鉄193系電車,JNR 193,JNR 193,exact prefix match,['JNR 193'],False,{'JR East': 'JNR 193'},EMU
E993系,JR東日本E993系電車,廃止,電車,事業用,['JR東日本の車両形式'],['JR東日本'],['JR East'],JR東日本E993系電車,JR East E993,JR East E993,exact prefix match,['JR East E993'],False,{'JR East': 'JR East E993'},EMU
443系,国鉄443系電車,廃止,電車,事業用,['JR東日本の車両形式'],['JR東日本'],['JR East'],国鉄443系電車,JNR 443,JNR 443,exact prefix match,"['JNR 443', 'JNR 443 (JR West)']",False,{'JR East': 'JNR 443'},EMU
E991系,JR東日本E991系電車,廃止,電車,事業用,['JR東日本の車両形式'],['JR東日本'],['JR East'],JR東日本E991系電車,JR East E991,JR East E991,exact prefix match,['JR East E991'],False,{'JR East': 'JR East E991'},EMU
クモヤ743形,JR東日本クモヤ743形電車,廃止,電車,事業用,['JR東日本の車両形式'],['JR東日本'],['JR East'],JR東日本クモヤ743形電車,JR East Kumoya 743,,no prefix returned categories,[],True,{},EMU
クモヤE995形,JR東日本キヤE991形気動車,廃止,電車,事業用,['JR東日本の車両形式'],['JR東日本'],['JR East'],JR東日本キヤE991形気動車,JR East E995,JR East E995,exact prefix match,['JR East E995'],False,{'JR East': 'JR East E995'},EMU
キハ58系,国鉄キハ58系気動車,廃止,気動車,急行形,['JR東日本の車両形式'],['JR東日本'],['JR East'],国鉄キハ58系気動車,JNR Kiha 58,JNR Kiha 58 series,series category match without exact,"['JNR Kiha 58 (JR East)', 'JNR Kiha 58 (JR Kyushu)', 'JNR Kiha 58 (JR Kyushu in JNR livery)', 'JNR Kiha 58 (JR West)', 'JNR Kiha 58 (JR West in JNR livery)', 'JNR Kiha 58 (Kenji)', 'JNR Kiha 58 in JNR livery', 'JNR Kiha 58 series', 'JNR Kiha 58 series (Hokkaido)', 'JNR Kiha 58 series (JR Central)', 'JNR Kiha 58 series (JR East)', 'JNR Kiha 58 series (JR Hokkaido)', 'JNR Kiha 58 series (JR Shikoku)', 'JNR Kiha 58 series diesel multiple units of the State Railway of Thailand', 'JNR Kiha 58 series disel multiple units of the State Railway of Thailand']",False,{'JR East': 'JNR Kiha 58 series'},DMU
キハ20系,国鉄キハ20系気動車,廃止,気動車,一般形,['JR東日本の車両形式'],['JR東日本'],['JR East'],国鉄キハ20系気動車,JNR Kiha 20,JNR Kiha 20 series,"promoted: ""JNR Kiha 20 series"" is parent of ""JNR Kiha 20""","['JNR Kiha 20', 'JNR Kiha 20 series', 'JNR Kiha 20 series (Hokkaido)']",False,{'JR East': 'JNR Kiha 20 series'},DMU
キハ35系,国鉄キハ35系気動車,廃止,気動車,一般形,['JR東日本の車両形式'],['JR東日本'],['JR East'],国鉄キハ35系気動車,JNR Kiha 35,JNR Kiha 35 series,"promoted: ""JNR Kiha 35 series"" is parent of ""JNR Kiha 35""","['JNR Kiha 35', 'JNR Kiha 35-300', 'JNR Kiha 35-900', 'JNR Kiha 35 series']",False,{'JR East': 'JNR Kiha 35 series'},DMU
キハ37形,国鉄キハ37形気動車,廃止,気動車,一般形,['JR東日本の車両形式'],['JR東日本'],['JR East'],国鉄キハ37形気動車,JNR Kiha 37,JNR Kiha 37,exact prefix match,['JNR Kiha 37'],False,{'JR East': 'JNR Kiha 37'},DMU
キハ38形,国鉄キハ38形気動車,廃止,気動車,一般形,['JR東日本の車両形式'],['JR東日本'],['JR East'],国鉄キハ38形気動車,JNR Kiha 38,JNR Kiha 38,exact prefix match,['JNR Kiha 38'],False,{'JR East': 'JNR Kiha 38'},DMU
キハ45系,国鉄キハ45系気動車,廃止,気動車,一般形,['JR東日本の車両形式'],['JR東日本'],['JR East'],国鉄キハ45系気動車,JNR Kiha 45,JNR Kiha 45 series,series category match without exact,"['JNR Kiha 45 (JR Shikoku)', 'JNR Kiha 45 (JR West)', 'JNR Kiha 45 (Nara Line)', 'JNR Kiha 45 series']",False,{'JR East': 'JNR Kiha 45 series'},DMU
キハ141系,JR北海道キハ141系気動車,廃止,気動車,一般形,['JR東日本の車両形式'],['JR北海道'],['JR Hokkaido'],JR北海道キハ141系気動車,JR Hokkaido Kiha 141,JR Hokkaido Kiha 141,manual completion,[],False,{'JR Hokkaido': 'JR Hokkaido Kiha 141'},DMU
キヤ191系,国鉄キヤ191系気動車,廃止,気動車,事業用,['JR東日本の車両形式'],['JR東日本'],['JR East'],国鉄キヤ191系気動車,JNR Kiya 191,JNR Kiya 191,exact prefix match,['JNR Kiya 191'],False,{'JR East': 'JNR Kiya 191'},DMU
キヤE991形,JR東日本キヤE991形気動車,廃止,気動車,事業用,['JR東日本の車両形式'],['JR東日本'],['JR East'],JR東日本キヤE991形気動車,JR East E991,JR East E991,exact prefix match,['JR East E991'],False,{'JR East': 'JR East E991'},DMU
