series,wiki_title,status,type,subtype,operator_page_title,operator_jp,operator_en,full_name
E2系,新幹線E2系電車,現役,新幹線電車,営業用,"[""JR東日本の車両形式""]","[""JR東日本""]","[""JR East""]",新幹線E2系電車
E3系,新幹線E3系電車,現役,新幹線電車,営業用,"[""JR東日本の車両形式""]","[""JR東日本""]","[""JR East""]",新幹線E3系電車
E5系,新幹線E5系・H5系電車,現役,新幹線電車,営業用,"[""JR東日本の車両形式""]","[""JR東日本""]","[""JR East""]",新幹線E5系・H5系電車
E6系,新幹線E6系電車,現役,新幹線電車,営業用,"[""JR東日本の車両形式""]","[""JR東日本""]","[""JR East""]",新幹線E6系電車
E7系,新幹線E7系・W7系電車,現役,新幹線電車,営業用,"[""JR東日本の車両形式""]","[""JR東日本""]","[""JR East""]",新幹線E7系・W7系電車
E8系,新幹線E8系電車,現役,新幹線電車,営業用,"[""JR東日本の車両形式""]","[""JR東日本""]","[""JR East""]",新幹線E8系電車
E926形,新幹線E926形電車,現役,新幹線電車,事業用,"[""JR東日本の車両形式""]","[""JR東日本""]","[""JR East""]",新幹線E926形電車
E956形,新幹線E956形電車,現役,新幹線電車,事業用,"[""JR東日本の車両形式""]","[""JR東日本""]","[""JR East""]",新幹線E956形電車
C57形,国鉄C57形蒸気機関車,現役,蒸気機関車,,"[""JR東日本の車両形式"", ""JR西日本の車両形式""]","[""JR東日本"", ""JR西日本""]","[""JR East"", ""JR West""]",国鉄C57形蒸気機関車
C58形,国鉄C58形蒸気機関車,現役,蒸気機関車,,"[""JR東日本の車両形式""]","[""JR東日本""]","[""JR East""]",国鉄C58形蒸気機関車
C61形,国鉄C61形蒸気機関車,現役,蒸気機関車,,"[""JR東日本の車両形式"", ""JR西日本の車両形式""]","[""JR東日本"", ""JR西日本""]","[""JR East"", ""JR West""]",国鉄C61形蒸気機関車
D51形,国鉄D51形蒸気機関車,現役,蒸気機関車,,"[""JR東日本の車両形式"", ""JR西日本の車両形式""]","[""JR東日本"", ""JR西日本""]","[""JR East"", ""JR West""]",国鉄D51形蒸気機関車
EF64形,国鉄EF64形電気機関車,現役,電気機関車,直流用,"[""JR東日本の車両形式"", ""JR東海の車両形式"", ""JR西日本の車両形式""]","[""JR東日本"", ""JR東海"", ""JR西日本""]","[""JR East"", ""JR Central"", ""JR West""]",国鉄EF64形電気機関車
EF65形,国鉄EF65形電気機関車,現役,電気機関車,直流用,"[""JR東日本の車両形式"", ""JR東海の車両形式"", ""JR西日本の車両形式""]","[""JR東日本"", ""JR東海"", ""JR西日本""]","[""JR East"", ""JR Central"", ""JR West""]",国鉄EF65形電気機関車
EF81形,国鉄EF81形電気機関車,現役,電気機関車,交直両用,"[""JR東日本の車両形式"", ""JR西日本の車両形式""]","[""JR東日本"", ""JR西日本""]","[""JR East"", ""JR West""]",国鉄EF81形電気機関車
DD14形,国鉄DD14形ディーゼル機関車,現役,ディーゼル機関車,,"[""JR東日本の車両形式"", ""JR西日本の車両形式""]","[""JR東日本"", ""JR西日本""]","[""JR East"", ""JR West""]",国鉄DD14形ディーゼル機関車
DD51形,国鉄DD51形ディーゼル機関車,現役,ディーゼル機関車,,"[""JR東日本の車両形式"", ""JR東海の車両形式"", ""JR西日本の車両形式""]","[""JR東日本"", ""JR東海"", ""JR西日本""]","[""JR East"", ""JR Central"", ""JR West""]",国鉄DD51形ディーゼル機関車
DE10形,国鉄DE10形ディーゼル機関車,現役,ディーゼル機関車,,"[""JR東日本の車両形式"", ""JR東海の車両形式"", ""JR西日本の車両形式""]","[""JR東日本"", ""JR東海"", ""JR西日本""]","[""JR East"", ""JR Central"", ""JR West""]",国鉄DE10形ディーゼル機関車
157系,国鉄157系電車,現役,電車,特急形,"[""JR東日本の車両形式""]","[""JR東日本""]","[""JR East""]",国鉄157系電車
253系,JR東日本253系電車,現役,電車,特急形,"[""JR東日本の車両形式""]","[""JR東日本""]","[""JR East""]",JR東日本253系電車
255系,JR東日本255系電車,現役,電車,特急形,"[""JR東日本の車両形式""]","[""JR東日本""]","[""JR East""]",JR東日本255系電車
E257系,JR東日本E257系電車,現役,電車,特急形,"[""JR東日本の車両形式""]","[""JR東日本""]","[""JR East""]",JR東日本E257系電車
E259系,JR東日本E259系電車,現役,電車,特急形,"[""JR東日本の車両形式""]","[""JR東日本""]","[""JR East""]",JR東日本E259系電車
E261系,JR東日本E261系電車,現役,電車,特急形,"[""JR東日本の車両形式""]","[""JR東日本""]","[""JR East""]",JR東日本E261系電車
E353系,JR東日本E353系電車,現役,電車,特急形,"[""JR東日本の車両形式""]","[""JR東日本""]","[""JR East""]",JR東日本E353系電車
583系,国鉄583系電車,現役,電車,特急形,"[""JR東日本の車両形式"", ""JR西日本の車両形式""]","[""JR東日本"", ""JR西日本""]","[""JR East"", ""JR West""]",国鉄583系電車
651系,JR東日本651系電車,現役,電車,特急形,"[""JR東日本の車両形式""]","[""JR東日本""]","[""JR East""]",JR東日本651系電車
E653系,JR東日本E653系電車,現役,電車,特急形,"[""JR東日本の車両形式""]","[""JR東日本""]","[""JR East""]",JR東日本E653系電車
E655系,JR東日本E655系電車,現役,電車,特急形,"[""JR東日本の車両形式""]","[""JR東日本""]","[""JR East""]",JR東日本E655系電車
E657系,JR東日本E657系電車,現役,電車,特急形,"[""JR東日本の車両形式""]","[""JR東日本""]","[""JR East""]",JR東日本E657系電車
E751系,JR東日本E751系電車,現役,電車,特急形,"[""JR東日本の車両形式""]","[""JR東日本""]","[""JR East""]",JR東日本E751系電車
211系,国鉄211系電車,現役,電車,近郊形,"[""JR東日本の車両形式"", ""JR東海の車両形式"", ""JR西日本の車両形式""]","[""JR東日本"", ""JR東海"", ""JR西日本""]","[""JR East"", ""JR Central"", ""JR West""]",国鉄211系電車
719系,JR東日本719系電車,現役,電車,近郊形,"[""JR東日本の車両形式""]","[""JR東日本""]","[""JR East""]",JR東日本719系電車
E127系,JR東日本E127系電車,現役,電車,通勤形,"[""JR東日本の車両形式""]","[""JR東日本""]","[""JR East""]",JR東日本E127系電車
205系,国鉄205系電車,現役,電車,通勤形,"[""JR東日本の車両形式"", ""JR西日本の車両形式""]","[""JR東日本"", ""JR西日本""]","[""JR East"", ""JR West""]",国鉄205系電車
209系,JR東日本209系電車,現役,電車,通勤形,"[""JR東日本の車両形式""]","[""JR東日本""]","[""JR East""]",JR東日本209系電車
E501系,JR東日本E501系電車,現役,電車,通勤形,"[""JR東日本の車両形式""]","[""JR東日本""]","[""JR East""]",JR東日本E501系電車
701系,JR東日本701系電車,現役,電車,通勤形,"[""JR東日本の車両形式""]","[""JR東日本""]","[""JR East""]",JR東日本701系電車
E129系,JR東日本E129系電車,現役,電車,一般形,"[""JR東日本の車両形式""]","[""JR東日本""]","[""JR East""]",JR東日本E129系電車
E131系,JR東日本E131系電車,現役,電車,一般形,"[""JR東日本の車両形式""]","[""JR東日本""]","[""JR East""]",JR東日本E131系電車
E231系,JR東日本E231系電車,現役,電車,一般形,"[""JR東日本の車両形式""]","[""JR東日本""]","[""JR East""]",JR東日本E231系電車
E233系,JR東日本E233系電車,現役,電車,一般形,"[""JR東日本の車両形式""]","[""JR東日本""]","[""JR East""]",JR東日本E233系電車
E235系,JR東日本E235系電車,現役,電車,一般形,"[""JR東日本の車両形式""]","[""JR東日本""]","[""JR East""]",JR東日本E235系電車
E531系,JR東日本E531系電車,現役,電車,一般形,"[""JR東日本の車両形式""]","[""JR東日本""]","[""JR East""]",JR東日本E531系電車
E721系,JR東日本E721系電車,現役,電車,一般形,"[""JR東日本の車両形式""]","[""JR東日本""]","[""JR East""]",JR東日本E721系電車
EV-E301系,JR東日本EV-E301系電車,現役,電車,一般形,"[""JR東日本の車両形式""]","[""JR東日本""]","[""JR East""]",JR東日本EV-E301系電車
EV-E801系,JR東日本EV-E801系電車,現役,電車,一般形,"[""JR東日本の車両形式""]","[""JR東日本""]","[""JR East""]",JR東日本EV-E801系電車
E491系,JR東日本E491系電車,現役,電車,事業用,"[""JR東日本の車両形式""]","[""JR東日本""]","[""JR East""]",JR東日本E491系電車
E493系,JR東日本E493系電車,現役,電車,事業用,"[""JR東日本の車両形式""]","[""JR東日本""]","[""JR East""]",JR東日本E493系電車
FV-E991系,JR東日本FV-E991系電車,現役,電車,事業用,"[""JR東日本の車両形式""]","[""JR東日本""]","[""JR East""]",JR東日本FV-E991系電車
キハ40系,国鉄キハ40系気動車 (2代),現役,気動車,一般形,"[""JR東日本の車両形式"", ""JR東海の車両形式"", ""JR西日本の車両形式""]","[""JR東日本"", ""JR東海"", ""JR西日本""]","[""JR East"", ""JR Central"", ""JR West""]",国鉄キハ40系気動車 (2代)
キハ100系,JR東日本キハ100系・キハ110系気動車,現役,気動車,一般形,"[""JR東日本の車両形式""]","[""JR東日本""]","[""JR East""]",JR東日本キハ100系・キハ110系気動車
キハ110系,JR東日本キハ100系・キハ110系気動車,現役,気動車,一般形,"[""JR東日本の車両形式""]","[""JR東日本""]","[""JR East""]",JR東日本キハ100系・キハ110系気動車
キハE120形,JR東日本キハE120形気動車,現役,気動車,一般形,"[""JR東日本の車両形式""]","[""JR東日本""]","[""JR East""]",JR東日本キハE120形気動車
キハE130系,JR東日本キハE130系気動車,現役,気動車,一般形,"[""JR東日本の車両形式""]","[""JR東日本""]","[""JR East""]",JR東日本キハE130系気動車
GV-E400系,JR東日本GV-E400系気動車,現役,気動車,一般形,"[""JR東日本の車両形式""]","[""JR東日本""]","[""JR East""]",JR東日本GV-E400系気動車
キハE200形,JR東日本キハE200形気動車,現役,気動車,一般形,"[""JR東日本の車両形式""]","[""JR東日本""]","[""JR East""]",JR東日本キハE200形気動車
HB-E210系,JR東日本HB-E210系気動車,現役,気動車,一般形,"[""JR東日本の車両形式""]","[""JR東日本""]","[""JR East""]",JR東日本HB-E210系気動車
HB-E220系,JR東日本HB-E220系気動車,現役,気動車,一般形,"[""JR東日本の車両形式""]","[""JR東日本""]","[""JR East""]",JR東日本HB-E220系気動車
HB-E300系,JR東日本HB-E300系気動車,現役,気動車,一般形,"[""JR東日本の車両形式""]","[""JR東日本""]","[""JR East""]",JR東日本HB-E300系気動車
キヤE193系,JR東日本キヤE193系気動車,現役,気動車,事業用,"[""JR東日本の車両形式""]","[""JR東日本""]","[""JR East""]",JR東日本キヤE193系気動車
キヤE195系,JR東海キヤ97系気動車#JR東日本キヤE195系気動車,現役,気動車,事業用,"[""JR東日本の車両形式""]","[""JR東日本""]","[""JR East""]",JR東海キヤ97系気動車#JR東日本キヤE195系気動車
GV-E197系,JR東日本GV-E197系気動車,現役,気動車,事業用,"[""JR東日本の車両形式""]","[""JR東日本""]","[""JR East""]",JR東日本GV-E197系気動車
E001形,TRAIN SUITE 四季島#使用車両・編成,現役,電気・ディーゼル両用（EDC方式）車両,,"[""JR東日本の車両形式""]","[""JR東日本""]","[""JR East""]",JR東日本E001形クルーズトレイン「TRAIN SUITE 四季島」
200系,新幹線200系電車,廃止,新幹線電車,営業用,"[""JR東日本の車両形式""]","[""JR東日本""]","[""JR East""]",新幹線200系電車
400系,新幹線400系電車,廃止,新幹線電車,営業用,"[""JR東日本の車両形式""]","[""JR東日本""]","[""JR East""]",新幹線400系電車
E1系,新幹線E1系電車,廃止,新幹線電車,営業用,"[""JR東日本の車両形式""]","[""JR東日本""]","[""JR East""]",新幹線E1系電車
E4系,新幹線E4系電車,廃止,新幹線電車,営業用,"[""JR東日本の車両形式""]","[""JR東日本""]","[""JR East""]",新幹線E4系電車
921形,ドクターイエロー#921形,廃止,新幹線電車,事業用,"[""JR東日本の車両形式"", ""JR西日本の車両形式""]","[""JR東日本"", ""JR西日本""]","[""JR East"", ""JR West""]",ドクターイエロー#921形
925形,ドクターイエロー#925形,廃止,新幹線電車,事業用,"[""JR東日本の車両形式""]","[""JR東日本""]","[""JR East""]",ドクターイエロー#925形
952形,新幹線952形・953形電車,廃止,新幹線電車,事業用,"[""JR東日本の車両形式""]","[""JR東日本""]","[""JR East""]",新幹線952形・953形電車
953形,新幹線952形・953形電車,廃止,新幹線電車,事業用,"[""JR東日本の車両形式""]","[""JR東日本""]","[""JR East""]",新幹線952形・953形電車
E954形,新幹線E954形電車,廃止,新幹線電車,事業用,"[""JR東日本の車両形式""]","[""JR東日本""]","[""JR East""]",新幹線E954形電車
E955形,新幹線E955形電車,廃止,新幹線電車,事業用,"[""JR東日本の車両形式""]","[""JR東日本""]","[""JR East""]",新幹線E955形電車
EF55形,国鉄EF55形電気機関車,廃止,電気機関車,直流用,"[""JR東日本の車両形式""]","[""JR東日本""]","[""JR East""]",国鉄EF55形電気機関車
EF58形,国鉄EF58形電気機関車,廃止,電気機関車,直流用,"[""JR東日本の車両形式"", ""JR東海の車両形式"", ""JR西日本の車両形式""]","[""JR東日本"", ""JR東海"", ""JR西日本""]","[""JR East"", ""JR Central"", ""JR West""]",国鉄EF58形電気機関車
EF60形,国鉄EF60形電気機関車,廃止,電気機関車,直流用,"[""JR東日本の車両形式"", ""JR西日本の車両形式""]","[""JR東日本"", ""JR西日本""]","[""JR East"", ""JR West""]",国鉄EF60形電気機関車
EF62形,国鉄EF62形電気機関車,廃止,電気機関車,直流用,"[""JR東日本の車両形式""]","[""JR東日本""]","[""JR East""]",国鉄EF62形電気機関車
EF63形,国鉄EF63形電気機関車,廃止,電気機関車,直流用,"[""JR東日本の車両形式""]","[""JR東日本""]","[""JR East""]",国鉄EF63形電気機関車
EF510形,JR貨物EF510形電気機関車,廃止,電気機関車,交直両用,"[""JR東日本の車両形式""]","[""JR東日本""]","[""JR East""]",JR貨物EF510形電気機関車
ED75形,国鉄ED75形電気機関車,廃止,電気機関車,交流用,"[""JR東日本の車両形式""]","[""JR東日本""]","[""JR East""]",国鉄ED75形電気機関車
ED77形,国鉄ED77形電気機関車,廃止,電気機関車,交流用,"[""JR東日本の車両形式""]","[""JR東日本""]","[""JR East""]",国鉄ED77形電気機関車
ED78形,国鉄ED78形電気機関車,廃止,電気機関車,交流用,"[""JR東日本の車両形式""]","[""JR東日本""]","[""JR East""]",国鉄ED78形電気機関車
EF71形,国鉄EF71形電気機関車,廃止,電気機関車,交流用,"[""JR東日本の車両形式""]","[""JR東日本""]","[""JR East""]",国鉄EF71形電気機関車
DD15形,国鉄DD15形ディーゼル機関車,廃止,ディーゼル機関車,,"[""JR東日本の車両形式"", ""JR西日本の車両形式""]","[""JR東日本"", ""JR西日本""]","[""JR East"", ""JR West""]",国鉄DD15形ディーゼル機関車
DD16形,国鉄DD16形ディーゼル機関車,廃止,ディーゼル機関車,,"[""JR東日本の車両形式"", ""JR西日本の車両形式""]","[""JR東日本"", ""JR西日本""]","[""JR East"", ""JR West""]",国鉄DD16形ディーゼル機関車
DD17形,国鉄DD17形ディーゼル機関車,廃止,ディーゼル機関車,,"[""JR東日本の車両形式""]","[""JR東日本""]","[""JR East""]",国鉄DD17形ディーゼル機関車
DD18形,JR東日本DD18形ディーゼル機関車,廃止,ディーゼル機関車,,"[""JR東日本の車両形式""]","[""JR東日本""]","[""JR East""]",JR東日本DD18形ディーゼル機関車
DD19形,国鉄DD17形ディーゼル機関車#DD19形,廃止,ディーゼル機関車,,"[""JR東日本の車両形式""]","[""JR東日本""]","[""JR East""]",国鉄DD17形ディーゼル機関車#DD19形
DD53形,国鉄DD53形ディーゼル機関車,廃止,ディーゼル機関車,,"[""JR東日本の車両形式""]","[""JR東日本""]","[""JR East""]",国鉄DD53形ディーゼル機関車
DE11形,国鉄DE11形ディーゼル機関車,廃止,ディーゼル機関車,,"[""JR東日本の車両形式""]","[""JR東日本""]","[""JR East""]",国鉄DE11形ディーゼル機関車
DE15形,国鉄DE15形ディーゼル機関車,廃止,ディーゼル機関車,,"[""JR東日本の車両形式"", ""JR東海の車両形式"", ""JR西日本の車両形式""]","[""JR東日本"", ""JR東海"", ""JR西日本""]","[""JR East"", ""JR Central"", ""JR West""]",国鉄DE15形ディーゼル機関車
183系,国鉄183系電車,廃止,電車,特急形,"[""JR東日本の車両形式""]","[""JR東日本""]","[""JR East""]",国鉄183系電車
185系,国鉄185系電車,廃止,電車,特急形,"[""JR東日本の車両形式""]","[""JR東日本""]","[""JR East""]",国鉄185系電車
189系,国鉄183系電車#189系,廃止,電車,特急形,"[""JR東日本の車両形式""]","[""JR東日本""]","[""JR East""]",国鉄183系電車#189系
251系,JR東日本251系電車,廃止,電車,特急形,"[""JR東日本の車両形式""]","[""JR東日本""]","[""JR East""]",JR東日本251系電車
E351系,JR東日本E351系電車,廃止,電車,特急形,"[""JR東日本の車両形式""]","[""JR東日本""]","[""JR East""]",JR東日本E351系電車
481系,国鉄485系電車,廃止,電車,特急形,"[""JR東日本の車両形式""]","[""JR東日本""]","[""JR East""]",国鉄485系電車
483系,国鉄485系電車,廃止,電車,特急形,"[""JR東日本の車両形式""]","[""JR東日本""]","[""JR East""]",国鉄485系電車
485系,国鉄485系電車,廃止,電車,特急形,"[""JR東日本の車両形式"", ""JR西日本の車両形式""]","[""JR東日本"", ""JR西日本""]","[""JR East"", ""JR West""]",国鉄485系電車
489系,国鉄485系電車,廃止,電車,特急形,"[""JR東日本の車両形式"", ""JR西日本の車両形式""]","[""JR東日本"", ""JR西日本""]","[""JR East"", ""JR West""]",国鉄485系電車
165系,国鉄165系電車,廃止,電車,急行形,"[""JR東日本の車両形式"", ""JR東海の車両形式"", ""JR西日本の車両形式""]","[""JR東日本"", ""JR東海"", ""JR西日本""]","[""JR East"", ""JR Central"", ""JR West""]",国鉄165系電車
167系,国鉄165系電車,廃止,電車,急行形,"[""JR東日本の車両形式"", ""JR西日本の車両形式""]","[""JR東日本"", ""JR西日本""]","[""JR East"", ""JR West""]",国鉄165系電車
169系,国鉄165系電車,廃止,電車,急行形,"[""JR東日本の車両形式""]","[""JR東日本""]","[""JR East""]",国鉄165系電車
451系,国鉄457系電車,廃止,電車,急行形,"[""JR東日本の車両形式""]","[""JR東日本""]","[""JR East""]",国鉄457系電車
453系,国鉄457系電車,廃止,電車,急行形,"[""JR東日本の車両形式""]","[""JR東日本""]","[""JR East""]",国鉄457系電車
455系,国鉄457系電車,廃止,電車,急行形,"[""JR東日本の車両形式""]","[""JR東日本""]","[""JR East""]",国鉄457系電車
457系,国鉄457系電車,廃止,電車,急行形,"[""JR東日本の車両形式"", ""JR西日本の車両形式""]","[""JR東日本"", ""JR西日本""]","[""JR East"", ""JR West""]",国鉄457系電車
113系,国鉄113系電車,廃止,電車,近郊形,"[""JR東日本の車両形式"", ""JR東海の車両形式"", ""JR西日本の車両形式""]","[""JR東日本"", ""JR東海"", ""JR西日本""]","[""JR East"", ""JR Central"", ""JR West""]",国鉄113系電車
115系,国鉄115系電車,廃止,電車,近郊形,"[""JR東日本の車両形式"", ""JR東海の車両形式"", ""JR西日本の車両形式""]","[""JR東日本"", ""JR東海"", ""JR西日本""]","[""JR East"", ""JR Central"", ""JR West""]",国鉄115系電車
123系,国鉄123系電車,廃止,電車,近郊形,"[""JR東日本の車両形式"", ""JR東海の車両形式"", ""JR西日本の車両形式""]","[""JR東日本"", ""JR東海"", ""JR西日本""]","[""JR East"", ""JR Central"", ""JR West""]",国鉄123系電車
215系,JR東日本215系電車,廃止,電車,近郊形,"[""JR東日本の車両形式""]","[""JR東日本""]","[""JR East""]",JR東日本215系電車
E217系,JR東日本E217系電車,廃止,電車,近郊形,"[""JR東日本の車両形式""]","[""JR東日本""]","[""JR East""]",JR東日本E217系電車
401系,国鉄415系電車,廃止,電車,近郊形,"[""JR東日本の車両形式""]","[""JR東日本""]","[""JR East""]",国鉄415系電車
403系,国鉄415系電車,廃止,電車,近郊形,"[""JR東日本の車両形式""]","[""JR東日本""]","[""JR East""]",国鉄415系電車
415系,国鉄415系電車,廃止,電車,近郊形,"[""JR東日本の車両形式""]","[""JR東日本""]","[""JR East""]",国鉄415系電車
417系,国鉄417系電車,廃止,電車,近郊形,"[""JR東日本の車両形式""]","[""JR東日本""]","[""JR East""]",国鉄417系電車
715系,国鉄419系・715系電車,廃止,電車,近郊形,"[""JR東日本の車両形式""]","[""JR東日本""]","[""JR East""]",国鉄419系・715系電車
717系,国鉄413系・717系電車,廃止,電車,近郊形,"[""JR東日本の車両形式""]","[""JR東日本""]","[""JR East""]",国鉄413系・717系電車
101系,国鉄101系電車,廃止,電車,通勤形,"[""JR東日本の車両形式"", ""JR西日本の車両形式""]","[""JR東日本"", ""JR西日本""]","[""JR East"", ""JR West""]",国鉄101系電車
103系,国鉄103系電車,廃止,電車,通勤形,"[""JR東日本の車両形式"", ""JR東海の車両形式"", ""JR西日本の車両形式""]","[""JR東日本"", ""JR東海"", ""JR西日本""]","[""JR East"", ""JR Central"", ""JR West""]",国鉄103系電車
105系,国鉄105系電車,廃止,電車,通勤形,"[""JR東日本の車両形式"", ""JR西日本の車両形式""]","[""JR東日本"", ""JR西日本""]","[""JR East"", ""JR West""]",国鉄105系電車
107系,JR東日本107系電車,廃止,電車,通勤形,"[""JR東日本の車両形式""]","[""JR東日本""]","[""JR East""]",JR東日本107系電車
201系,国鉄201系電車,廃止,電車,通勤形,"[""JR東日本の車両形式"", ""JR西日本の車両形式""]","[""JR東日本"", ""JR西日本""]","[""JR East"", ""JR West""]",国鉄201系電車
203系,国鉄203系電車,廃止,電車,通勤形,"[""JR東日本の車両形式""]","[""JR東日本""]","[""JR East""]",国鉄203系電車
207系,国鉄207系電車,廃止,電車,通勤形,"[""JR東日本の車両形式""]","[""JR東日本""]","[""JR East""]",国鉄207系電車
301系,国鉄301系電車,廃止,電車,通勤形,"[""JR東日本の車両形式""]","[""JR東日本""]","[""JR East""]",国鉄301系電車
901系,JR東日本209系電車,廃止,電車,通勤形,"[""JR東日本の車両形式""]","[""JR東日本""]","[""JR East""]",JR東日本209系電車
E331系,JR東日本E331系電車,廃止,電車,一般形,"[""JR東日本の車両形式""]","[""JR東日本""]","[""JR East""]",JR東日本E331系電車
143系,国鉄143系電車,廃止,電車,事業用,"[""JR東日本の車両形式""]","[""JR東日本""]","[""JR East""]",国鉄143系電車
145系,国鉄145系電車,廃止,電車,事業用,"[""JR東日本の車両形式"", ""JR東海の車両形式"", ""JR西日本の車両形式""]","[""JR東日本"", ""JR東海"", ""JR西日本""]","[""JR East"", ""JR Central"", ""JR West""]",国鉄145系電車
193系,国鉄193系電車,廃止,電車,事業用,"[""JR東日本の車両形式"", ""JR東海の車両形式""]","[""JR東日本"", ""JR東海""]","[""JR East"", ""JR Central""]",国鉄193系電車
E993系,JR東日本E993系電車,廃止,電車,事業用,"[""JR東日本の車両形式""]","[""JR東日本""]","[""JR East""]",JR東日本E993系電車
443系,国鉄443系電車,廃止,電車,事業用,"[""JR東日本の車両形式"", ""JR西日本の車両形式""]","[""JR東日本"", ""JR西日本""]","[""JR East"", ""JR West""]",国鉄443系電車
E991系,JR東日本E991系電車,廃止,電車,事業用,"[""JR東日本の車両形式""]","[""JR東日本""]","[""JR East""]",JR東日本E991系電車
クモヤ743形,JR東日本クモヤ743形電車,廃止,電車,事業用,"[""JR東日本の車両形式""]","[""JR東日本""]","[""JR East""]",JR東日本クモヤ743形電車
クモヤE995形,JR東日本キヤE991形気動車,廃止,電車,事業用,"[""JR東日本の車両形式""]","[""JR東日本""]","[""JR East""]",JR東日本キヤE991形気動車
キハ58系,国鉄キハ58系気動車,廃止,気動車,急行形,"[""JR東日本の車両形式"", ""JR東海の車両形式"", ""JR西日本の車両形式""]","[""JR東日本"", ""JR東海"", ""JR西日本""]","[""JR East"", ""JR Central"", ""JR West""]",国鉄キハ58系気動車
キハ20系,国鉄キハ20系気動車,廃止,気動車,一般形,"[""JR東日本の車両形式"", ""JR西日本の車両形式""]","[""JR東日本"", ""JR西日本""]","[""JR East"", ""JR West""]",国鉄キハ20系気動車
キハ35系,国鉄キハ35系気動車,廃止,気動車,一般形,"[""JR東日本の車両形式"", ""JR西日本の車両形式""]","[""JR東日本"", ""JR西日本""]","[""JR East"", ""JR West""]",国鉄キハ35系気動車
キハ37形,国鉄キハ37形気動車,廃止,気動車,一般形,"[""JR東日本の車両形式"", ""JR西日本の車両形式""]","[""JR東日本"", ""JR西日本""]","[""JR East"", ""JR West""]",国鉄キハ37形気動車
キハ38形,国鉄キハ38形気動車,廃止,気動車,一般形,"[""JR東日本の車両形式""]","[""JR東日本""]","[""JR East""]",国鉄キハ38形気動車
キハ45系,国鉄キハ45系気動車,廃止,気動車,一般形,"[""JR東日本の車両形式"", ""JR西日本の車両形式""]","[""JR東日本"", ""JR西日本""]","[""JR East"", ""JR West""]",国鉄キハ45系気動車
キハ141系,JR北海道キハ141系気動車,廃止,気動車,一般形,"[""JR東日本の車両形式""]","[""JR東日本""]","[""JR East""]",JR北海道キハ141系気動車
キヤ191系,国鉄キヤ191系気動車,廃止,気動車,事業用,"[""JR東日本の車両形式"", ""JR西日本の車両形式""]","[""JR東日本"", ""JR西日本""]","[""JR East"", ""JR West""]",国鉄キヤ191系気動車
キヤE991形,JR東日本キヤE991形気動車,廃止,気動車,事業用,"[""JR東日本の車両形式""]","[""JR東日本""]","[""JR East""]",JR東日本キヤE991形気動車
285系,JR西日本285系電車,現役,電車,特急形,"[""JR東海の車両形式"", ""JR西日本の車両形式""]","[""JR東海"", ""JR西日本""]","[""JR Central"", ""JR West""]",JR西日本285系電車
373系,JR東海373系電車,現役,電車,特急形,"[""JR東海の車両形式""]","[""JR東海""]","[""JR Central""]",JR東海373系電車
383系,JR東海383系電車,現役,電車,特急形,"[""JR東海の車両形式""]","[""JR東海""]","[""JR Central""]",JR東海383系電車
313系,JR東海313系電車,現役,電車,近郊形,"[""JR東海の車両形式""]","[""JR東海""]","[""JR Central""]",JR東海313系電車
315系,JR東海315系電車,現役,電車,通勤形,"[""JR東海の車両形式""]","[""JR東海""]","[""JR Central""]",JR東海315系電車
HC85系,JR東海HC85系気動車,現役,気動車,特急形,"[""JR東海の車両形式""]","[""JR東海""]","[""JR Central""]",JR東海HC85系気動車
キハ11形,JR東海キハ11形気動車,現役,気動車,一般形,"[""JR東海の車両形式""]","[""JR東海""]","[""JR Central""]",JR東海キハ11形気動車
キハ25形,JR東海キハ25形気動車,現役,気動車,一般形,"[""JR東海の車両形式""]","[""JR東海""]","[""JR Central""]",JR東海キハ25形気動車
キハ75形,JR東海キハ75形気動車,現役,気動車,一般形,"[""JR東海の車両形式""]","[""JR東海""]","[""JR Central""]",JR東海キハ75形気動車
キヤ95系,JR東海キヤ95系気動車,現役,気動車,事業用,"[""JR東海の車両形式""]","[""JR東海""]","[""JR Central""]",JR東海キヤ95系気動車
キヤ97系,JR東海キヤ97系気動車,現役,気動車,事業用,"[""JR東海の車両形式""]","[""JR東海""]","[""JR Central""]",JR東海キヤ97系気動車
L0系,L0系,導入予定,,,"[""JR東海の車両形式""]","[""JR東海""]","[""JR Central""]",L0系
385系,JR東海385系電車,導入予定,,,"[""JR東海の車両形式""]","[""JR東海""]","[""JR Central""]",JR東海385系電車
ED18形,国鉄ED18形電気機関車,廃止,電気機関車,,"[""JR東海の車両形式""]","[""JR東海""]","[""JR Central""]",国鉄ED18形電気機関車
371系,JR東海371系電車,廃止,電車,特急形,"[""JR東海の車両形式""]","[""JR東海""]","[""JR Central""]",JR東海371系電車
381系,国鉄381系電車,廃止,電車,特急形,"[""JR東海の車両形式"", ""JR西日本の車両形式""]","[""JR東海"", ""JR西日本""]","[""JR Central"", ""JR West""]",国鉄381系電車
117系,国鉄117系電車,廃止,電車,近郊形,"[""JR東海の車両形式"", ""JR西日本の車両形式""]","[""JR東海"", ""JR西日本""]","[""JR Central"", ""JR West""]",国鉄117系電車
119系,国鉄119系電車,廃止,電車,近郊形,"[""JR東海の車両形式""]","[""JR東海""]","[""JR Central""]",国鉄119系電車
213系,国鉄213系電車,廃止,電車,近郊形,"[""JR東海の車両形式"", ""JR西日本の車両形式""]","[""JR東海"", ""JR西日本""]","[""JR Central"", ""JR West""]",国鉄213系電車
311系,JR東海311系電車,廃止,電車,近郊形,"[""JR東海の車両形式""]","[""JR東海""]","[""JR Central""]",JR東海311系電車
キハ80系,国鉄キハ80系気動車,廃止,気動車,特急形,"[""JR東海の車両形式""]","[""JR東海""]","[""JR Central""]",国鉄キハ80系気動車
キハ85系,JR東海キハ85系気動車,廃止,気動車,特急形,"[""JR東海の車両形式""]","[""JR東海""]","[""JR Central""]",JR東海キハ85系気動車
キハ65形,国鉄キハ65形気動車,廃止,気動車,急行形,"[""JR東海の車両形式"", ""JR西日本の車両形式""]","[""JR東海"", ""JR西日本""]","[""JR Central"", ""JR West""]",国鉄キハ65形気動車
キハ30形,国鉄キハ35系気動車,廃止,気動車,一般形,"[""JR東海の車両形式""]","[""JR東海""]","[""JR Central""]",国鉄キハ35系気動車
500系,新幹線500系電車,現役,新幹線電車,東海道・山陽・九州新幹線用,"[""JR西日本の車両形式""]","[""JR西日本""]","[""JR West""]",新幹線500系電車
700系,新幹線700系電車,現役,新幹線電車,東海道・山陽・九州新幹線用,"[""JR西日本の車両形式""]","[""JR西日本""]","[""JR West""]",新幹線700系電車
N700系,新幹線N700系電車,現役,新幹線電車,東海道・山陽・九州新幹線用,"[""JR西日本の車両形式""]","[""JR西日本""]","[""JR West""]",新幹線N700系電車
923形,新幹線923形電車,現役,新幹線電車,東海道・山陽・九州新幹線用,"[""JR西日本の車両形式""]","[""JR西日本""]","[""JR West""]",新幹線923形電車
W7系,新幹線E7系・W7系電車,現役,新幹線電車,北陸新幹線用,"[""JR西日本の車両形式""]","[""JR西日本""]","[""JR West""]",新幹線E7系・W7系電車
C56形,国鉄C56形蒸気機関車,現役,蒸気機関車,,"[""JR西日本の車両形式""]","[""JR西日本""]","[""JR West""]",国鉄C56形蒸気機関車
C62形,国鉄C62形蒸気機関車,現役,蒸気機関車,,"[""JR西日本の車両形式""]","[""JR西日本""]","[""JR West""]",国鉄C62形蒸気機関車
271系,JR西日本271系電車,現役,電車,特急形,"[""JR西日本の車両形式""]","[""JR西日本""]","[""JR West""]",JR西日本271系電車
273系,JR西日本273系電車,現役,電車,特急形,"[""JR西日本の車両形式""]","[""JR西日本""]","[""JR West""]",JR西日本273系電車
281系,JR西日本281系電車,現役,電車,特急形,"[""JR西日本の車両形式""]","[""JR西日本""]","[""JR West""]",JR西日本281系電車
283系,JR西日本283系電車,現役,電車,特急形,"[""JR西日本の車両形式""]","[""JR西日本""]","[""JR West""]",JR西日本283系電車
287系,JR西日本287系電車,現役,電車,特急形,"[""JR西日本の車両形式""]","[""JR西日本""]","[""JR West""]",JR西日本287系電車
289系,JR西日本289系電車,現役,電車,特急形,"[""JR西日本の車両形式""]","[""JR西日本""]","[""JR West""]",JR西日本289系電車
681系,JR西日本681系電車,現役,電車,特急形,"[""JR西日本の車両形式""]","[""JR西日本""]","[""JR West""]",JR西日本681系電車
683系,JR西日本683系電車,現役,電車,特急形,"[""JR西日本の車両形式""]","[""JR西日本""]","[""JR West""]",JR西日本683系電車
221系,JR西日本221系電車,現役,電車,近郊形,"[""JR西日本の車両形式""]","[""JR西日本""]","[""JR West""]",JR西日本221系電車
223系,JR西日本223系電車,現役,電車,近郊形,"[""JR西日本の車両形式""]","[""JR西日本""]","[""JR West""]",JR西日本223系電車
225系,JR西日本225系電車,現役,電車,近郊形,"[""JR西日本の車両形式""]","[""JR西日本""]","[""JR West""]",JR西日本225系電車
227系,JR西日本227系電車,現役,電車,近郊形,"[""JR西日本の車両形式""]","[""JR西日本""]","[""JR West""]",JR西日本227系電車
521系,JR西日本521系電車,現役,電車,近郊形,"[""JR西日本の車両形式""]","[""JR西日本""]","[""JR West""]",JR西日本521系電車
207系,JR西日本207系電車,現役,電車,通勤形,"[""JR西日本の車両形式""]","[""JR西日本""]","[""JR West""]",JR西日本207系電車
321系,JR西日本321系電車,現役,電車,通勤形,"[""JR西日本の車両形式""]","[""JR西日本""]","[""JR West""]",JR西日本321系電車
323系,JR西日本323系電車,現役,電車,通勤形,"[""JR西日本の車両形式""]","[""JR西日本""]","[""JR West""]",JR西日本323系電車
125系,JR西日本125系電車,現役,電車,一般形,"[""JR西日本の車両形式""]","[""JR西日本""]","[""JR West""]",JR西日本125系電車
キハ187系,JR西日本キハ187系気動車,現役,気動車,特急形,"[""JR西日本の車両形式""]","[""JR西日本""]","[""JR West""]",JR西日本キハ187系気動車
キハ189系,JR西日本キハ189系気動車,現役,気動車,特急形,"[""JR西日本の車両形式""]","[""JR西日本""]","[""JR West""]",JR西日本キハ189系気動車
87系,JR西日本87系気動車,現役,気動車,特急形,"[""JR西日本の車両形式""]","[""JR西日本""]","[""JR West""]",JR西日本87系気動車
キハ120形,JR西日本キハ120形気動車,現役,気動車,一般形,"[""JR西日本の車両形式""]","[""JR西日本""]","[""JR West""]",JR西日本キハ120形気動車
キハ121系,JR西日本キハ126系気動車,現役,気動車,一般形,"[""JR西日本の車両形式""]","[""JR西日本""]","[""JR West""]",JR西日本キハ126系気動車
キハ122系,JR西日本キハ127系気動車,現役,気動車,一般形,"[""JR西日本の車両形式""]","[""JR西日本""]","[""JR West""]",JR西日本キハ127系気動車
キハ126系,JR西日本キハ126系気動車,現役,気動車,一般形,"[""JR西日本の車両形式""]","[""JR西日本""]","[""JR West""]",JR西日本キハ126系気動車
キハ127系,JR西日本キハ127系気動車,現役,気動車,一般形,"[""JR西日本の車両形式""]","[""JR西日本""]","[""JR West""]",JR西日本キハ127系気動車
DEC700形,JR西日本DEC700形気動車,現役,気動車,一般形,"[""JR西日本の車両形式""]","[""JR西日本""]","[""JR West""]",JR西日本DEC700形気動車
キヤ141系,JR西日本キヤ141系気動車,現役,気動車,事業用,"[""JR西日本の車両形式""]","[""JR西日本""]","[""JR West""]",JR西日本キヤ141系気動車
キヤ143形,JR西日本キヤ143形気動車,現役,気動車,事業用,"[""JR西日本の車両形式""]","[""JR西日本""]","[""JR West""]",JR西日本キヤ143形気動車
DEC741形,JR西日本DEC741形気動車,現役,気動車,事業用,"[""JR西日本の車両形式""]","[""JR西日本""]","[""JR West""]",JR西日本DEC741形気動車
100系,新幹線100系電車,廃止,新幹線電車,東海道・山陽新幹線用,"[""JR西日本の車両形式""]","[""JR西日本""]","[""JR West""]",新幹線100系電車
300系,新幹線300系電車,廃止,新幹線電車,東海道・山陽新幹線用,"[""JR西日本の車両形式""]","[""JR西日本""]","[""JR West""]",新幹線300系電車
922形,ドクターイエロー#922形,廃止,新幹線電車,東海道・山陽新幹線用,"[""JR西日本の車両形式""]","[""JR西日本""]","[""JR West""]",ドクターイエロー#922形
500系,新幹線500系電車900番台,廃止,新幹線電車,東海道・山陽新幹線用,"[""JR西日本の車両形式""]","[""JR西日本""]","[""JR West""]",新幹線500系電車900番台
912形,新幹線912形ディーゼル機関車,廃止,その他新幹線車両,ディーゼル機関車,"[""JR西日本の車両形式""]","[""JR西日本""]","[""JR West""]",新幹線912形ディーゼル機関車
931形,新幹線931形貨車,廃止,その他新幹線車両,ホッパ車,"[""JR西日本の車両形式""]","[""JR西日本""]","[""JR West""]",新幹線931形貨車
923形,貨車#新幹線貨車,廃止,その他新幹線車両,職用車,"[""JR西日本の車両形式""]","[""JR西日本""]","[""JR West""]",貨車#新幹線貨車
EF15形,国鉄EF15形電気機関車,廃止,電気機関車,直流用,"[""JR西日本の車両形式""]","[""JR西日本""]","[""JR West""]",国鉄EF15形電気機関車
EF59形,国鉄EF59形電気機関車,廃止,電気機関車,直流用,"[""JR西日本の車両形式""]","[""JR西日本""]","[""JR West""]",国鉄EF59形電気機関車
EF66形,国鉄EF66形電気機関車,廃止,電気機関車,直流用,"[""JR西日本の車両形式""]","[""JR西日本""]","[""JR West""]",国鉄EF66形電気機関車
183系,JR西日本183系電車,廃止,電車,特急形,"[""JR西日本の車両形式""]","[""JR西日本""]","[""JR West""]",JR西日本183系電車
471系,国鉄457系電車#451系・471系,廃止,電車,急行形,"[""JR西日本の車両形式""]","[""JR西日本""]","[""JR West""]",国鉄457系電車#451系・471系
475系,国鉄457系電車#455系・475系,廃止,電車,急行形,"[""JR西日本の車両形式""]","[""JR西日本""]","[""JR West""]",国鉄457系電車#455系・475系
413系,国鉄413系・717系電車,廃止,電車,近郊形,"[""JR西日本の車両形式""]","[""JR西日本""]","[""JR West""]",国鉄413系・717系電車
415系,JR西日本415系電車,廃止,電車,近郊形,"[""JR西日本の車両形式""]","[""JR西日本""]","[""JR West""]",JR西日本415系電車
419系,国鉄419系・715系電車,廃止,電車,近郊形,"[""JR西日本の車両形式""]","[""JR西日本""]","[""JR West""]",国鉄419系・715系電車
キハ181系,国鉄キハ181系気動車,廃止,気動車,特急形,"[""JR西日本の車両形式""]","[""JR西日本""]","[""JR West""]",国鉄キハ181系気動車
キハ33形,JR西日本キハ33形気動車,廃止,気動車,一般形,"[""JR西日本の車両形式""]","[""JR西日本""]","[""JR West""]",JR西日本キハ33形気動車
