,submodel,bandai,operator_en,operator_jp,special_formation,special_livery,category_path_json,category_path
0,,,,,,,"[""C57 steam locomotives"", ""C57 steam locomotives (Hokkaido)""]","['C57 steam locomotives', 'C57 steam locomotives (Hokkaido)']"
1,,,,,,,"[""C57 steam locomotives"", ""C57 steam locomotives by number"", ""C57 100 steam locomotive""]","['C57 steam locomotives', 'C57 steam locomotives by number', 'C57 100 steam locomotive']"
2,,,,,,,"[""C57 steam locomotives"", ""C57 steam locomotives by number"", ""C57 11 steam locomotive""]","['C57 steam locomotives', 'C57 steam locomotives by number', 'C57 11 steam locomotive']"
3,,,,,,,"[""C57 steam locomotives"", ""C57 steam locomotives by number"", ""C57 110 steam locomotive""]","['C57 steam locomotives', 'C57 steam locomotives by number', 'C57 110 steam locomotive']"
4,,,,,,,"[""C57 steam locomotives"", ""C57 steam locomotives by number"", ""C57 119 steam locomotive""]","['C57 steam locomotives', 'C57 steam locomotives by number', 'C57 119 steam locomotive']"
5,C57,,,,,,"[""C57 steam locomotives"", ""C57 steam locomotives by number"", ""C57 124 steam locomotive""]","['C57 steam locomotives', 'C57 steam locomotives by number', 'C57 124 steam locomotive']"
6,C57,,,,,,"[""C57 steam locomotives"", ""C57 steam locomotives by number"", ""C57 128 steam locomotive""]","['C57 steam locomotives', 'C57 steam locomotives by number', 'C57 128 steam locomotive']"
7,C57,,,,,,"[""C57 steam locomotives"", ""C57 steam locomotives by number"", ""C57 129 steam locomotive""]","['C57 steam locomotives', 'C57 steam locomotives by number', 'C57 129 steam locomotive']"
8,C57,,,,,,"[""C57 steam locomotives"", ""C57 steam locomotives by number"", ""C57 135 steam locomotive"", ""C57 135 steam locomotive at the Railway Museum (Japan)""]","['C57 steam locomotives', 'C57 steam locomotives by number', 'C57 135 steam locomotive', 'C57 135 steam locomotive at the Railway Museum (Japan)']"
9,C57,,,,,,"[""C57 steam locomotives"", ""C57 steam locomotives by number"", ""C57 135 steam locomotive""]","['C57 steam locomotives', 'C57 steam locomotives by number', 'C57 135 steam locomotive']"
10,,,,,,,"[""C57 steam locomotives"", ""C57 steam locomotives by number"", ""C57 139 steam locomotive""]","['C57 steam locomotives', 'C57 steam locomotives by number', 'C57 139 steam locomotive']"
11,,,,,,,"[""C57 steam locomotives"", ""C57 steam locomotives by number"", ""C57 144 steam locomotive""]","['C57 steam locomotives', 'C57 steam locomotives by number', 'C57 144 steam locomotive']"
12,,,,,,,"[""C57 steam locomotives"", ""C57 steam locomotives by number"", ""C57 148 steam locomotive""]","['C57 steam locomotives', 'C57 steam locomotives by number', 'C57 148 steam locomotive']"
13,,,,,,,"[""C57 steam locomotives"", ""C57 steam locomotives by number"", ""C57 151 steam locomotive""]","['C57 steam locomotives', 'C57 steam locomotives by number', 'C57 151 steam locomotive']"
14,,,,,,,"[""C57 steam locomotives"", ""C57 steam locomotives by number"", ""C57 155 steam locomotive"", ""From Steam Locomotives to Shinkansen""]","['C57 steam locomotives', 'C57 steam locomotives by number', 'C57 155 steam locomotive', 'From Steam Locomotives to Shinkansen']"
15,C57,,,,,,"[""C57 steam locomotives"", ""C57 steam locomotives by number"", ""C57 156 steam locomotive""]","['C57 steam locomotives', 'C57 steam locomotives by number', 'C57 156 steam locomotive']"
16,C57,,,,,,"[""C57 steam locomotives"", ""C57 steam locomotives by number"", ""C57 160 steam locomotive""]","['C57 steam locomotives', 'C57 steam locomotives by number', 'C57 160 steam locomotive']"
17,C57,,,,,,"[""C57 steam locomotives"", ""C57 steam locomotives by number"", ""C57 165 steam locomotive""]","['C57 steam locomotives', 'C57 steam locomotives by number', 'C57 165 steam locomotive']"
18,C57,,,,,,"[""C57 steam locomotives"", ""C57 steam locomotives by number"", ""C57 175 steam locomotive""]","['C57 steam locomotives', 'C57 steam locomotives by number', 'C57 175 steam locomotive']"
19,C57,,,,,,"[""C57 steam locomotives"", ""C57 steam locomotives by number"", ""C57 186 steam locomotive"", ""C57 186 steam locomotive at Koganei Park""]","['C57 steam locomotives', 'C57 steam locomotives by number', 'C57 186 steam locomotive', 'C57 186 steam locomotive at Koganei Park']"
20,,,,,,,"[""C57 steam locomotives"", ""C57 steam locomotives by number"", ""C57 189 steam locomotive""]","['C57 steam locomotives', 'C57 steam locomotives by number', 'C57 189 steam locomotive']"
21,,,,,,,"[""C57 steam locomotives"", ""C57 steam locomotives by number"", ""C57 19 steam locomotive""]","['C57 steam locomotives', 'C57 steam locomotives by number', 'C57 19 steam locomotive']"
22,,,,,,,"[""C57 steam locomotives"", ""C57 steam locomotives by number"", ""C57 201 steam locomotive""]","['C57 steam locomotives', 'C57 steam locomotives by number', 'C57 201 steam locomotive']"
23,,,,,,,"[""C57 steam locomotives"", ""C57 steam locomotives by number"", ""C57 26 steam locomotive""]","['C57 steam locomotives', 'C57 steam locomotives by number', 'C57 26 steam locomotive']"
24,,,,,,,"[""C57 steam locomotives"", ""C57 steam locomotives by number"", ""C57 38 steam locomotive""]","['C57 steam locomotives', 'C57 steam locomotives by number', 'C57 38 steam locomotive']"
25,,,,,,,"[""C57 steam locomotives"", ""C57 steam locomotives by number"", ""C57 43 steam locomotive"", ""Wheels of C57 43 steam locomotive""]","['C57 steam locomotives', 'C57 steam locomotives by number', 'C57 43 steam locomotive', 'Wheels of C57 43 steam locomotive']"
26,,,,,,,"[""C57 steam locomotives"", ""C57 steam locomotives by number"", ""C57 44 steam locomotive""]","['C57 steam locomotives', 'C57 steam locomotives by number', 'C57 44 steam locomotive']"
27,,,,,,,"[""C57 steam locomotives"", ""C57 steam locomotives by number"", ""C57 5 steam locomotive""]","['C57 steam locomotives', 'C57 steam locomotives by number', 'C57 5 steam locomotive']"
28,,,,,,,"[""C57 steam locomotives"", ""C57 steam locomotives by number"", ""C57 56 steam locomotive""]","['C57 steam locomotives', 'C57 steam locomotives by number', 'C57 56 steam locomotive']"
29,,,,,,,"[""C57 steam locomotives"", ""C57 steam locomotives by number"", ""C57 57 steam locomotive"", ""C57 57 steam locomotive at Okura Sports Park""]","['C57 steam locomotives', 'C57 steam locomotives by number', 'C57 57 steam locomotive', 'C57 57 steam locomotive at Okura Sports Park']"
30,C57,,,,,,"[""C57 steam locomotives"", ""C57 steam locomotives by number"", ""C57 57 steam locomotive""]","['C57 steam locomotives', 'C57 steam locomotives by number', 'C57 57 steam locomotive']"
31,C57,,,,,,"[""C57 steam locomotives"", ""C57 steam locomotives by number"", ""C57 66 steam locomotive"", ""C57 66 steam locomotive at Iriarai Nishi Park""]","['C57 steam locomotives', 'C57 steam locomotives by number', 'C57 66 steam locomotive', 'C57 66 steam locomotive at Iriarai Nishi Park']"
32,C57,,,,,,"[""C57 steam locomotives"", ""C57 steam locomotives by number"", ""C57 7 steam locomotive""]","['C57 steam locomotives', 'C57 steam locomotives by number', 'C57 7 steam locomotive']"
33,C57,,,,,,"[""C57 steam locomotives"", ""C57 steam locomotives by number"", ""C57 87 steam locomotive""]","['C57 steam locomotives', 'C57 steam locomotives by number', 'C57 87 steam locomotive']"
34,C57,,,,,,"[""C57 steam locomotives"", ""C57 steam locomotives in service"", ""C57 180 steam locomotive""]","['C57 steam locomotives', 'C57 steam locomotives in service', 'C57 180 steam locomotive']"
35,,,JR West,JR西日本,SL Kita-Biwako,,"[""C57 steam locomotives"", ""C57 steam locomotives in service"", ""JR West C57 1"", ""JR West C57 1 as SL Kita-Biwako""]","['C57 steam locomotives', 'C57 steam locomotives in service', 'JR West C57 1', 'JR West C57 1 as SL Kita-Biwako']"
36,,,JR West,JR西日本,SL Yamaguchi,,"[""C57 steam locomotives"", ""C57 steam locomotives in service"", ""JR West C57 1"", ""JR West C57 1 as SL Yamaguchi""]","['C57 steam locomotives', 'C57 steam locomotives in service', 'JR West C57 1', 'JR West C57 1 as SL Yamaguchi']"
37,,,JR West,JR西日本,,,"[""C57 steam locomotives"", ""C57 steam locomotives in service"", ""JR West C57 1""]","['C57 steam locomotives', 'C57 steam locomotives in service', 'JR West C57 1']"
38,,,,,,,"[""C57 steam locomotives"", ""C57 steam locomotives in service""]","['C57 steam locomotives', 'C57 steam locomotives in service']"
39,,,Taiwan Railways Administration,台湾鉄路管理局,,,"[""C57 steam locomotives"", ""TRA CT270"", ""TRA CT271""]","['C57 steam locomotives', 'TRA CT270', 'TRA CT271']"
40,C57,,Taiwan Railways Administration,台湾鉄路管理局,,,"[""C57 steam locomotives"", ""TRA CT270"", ""TRA CT273""]","['C57 steam locomotives', 'TRA CT270', 'TRA CT273']"
41,C57,,Taiwan Railways Administration,台湾鉄路管理局,,,"[""C57 steam locomotives"", ""TRA CT270"", ""TRA CT278""]","['C57 steam locomotives', 'TRA CT270', 'TRA CT278']"
42,C57,,Taiwan Railways Administration,台湾鉄路管理局,,,"[""C57 steam locomotives"", ""TRA CT270"", ""TRA CT284""]","['C57 steam locomotives', 'TRA CT270', 'TRA CT284']"
43,C57,,Taiwan Railways Administration,台湾鉄路管理局,,,"[""C57 steam locomotives"", ""TRA CT270""]","['C57 steam locomotives', 'TRA CT270']"
44,C57,,Taiwan Railways Administration,台湾鉄路管理局,,,"[""C57 steam locomotives""]",['C57 steam locomotives']
45,DD51,,JNR,国鉄,,,"[""JNR DD51"", ""DD51 756 diesel locomotive at the Kyoto Railway Museum""]","['JNR DD51', 'DD51 756 diesel locomotive at the Kyoto Railway Museum']"
46,DD51,,JNR,国鉄,,北斗星,"[""JNR DD51"", ""DD51 in Hokutosei livery""]","['JNR DD51', 'DD51 in Hokutosei livery']"
47,DD51,,JNR,国鉄,,,"[""JNR DD51"", ""JNR DD51 1 at the Usui Pass Railway Heritage Park""]","['JNR DD51', 'JNR DD51 1 at the Usui Pass Railway Heritage Park']"
48,DD51,,JNR,国鉄,,,"[""JNR DD51"", ""JNR DD51 1043""]","['JNR DD51', 'JNR DD51 1043']"
49,DD51,,JNR,国鉄,,,"[""JNR DD51"", ""JNR DD51 1191""]","['JNR DD51', 'JNR DD51 1191']"
50,DD51,500,JNR,国鉄,,,"[""JNR DD51"", ""JNR DD51 615 at Otaru museum""]","['JNR DD51', 'JNR DD51 615 at Otaru museum']"
51,DD51,500,JNR,国鉄,,,"[""JNR DD51"", ""JNR DD51 759""]","['JNR DD51', 'JNR DD51 759']"
52,DD51,800,JR East,JR東日本,,,"[""JNR DD51"", ""JR East DD51 842""]","['JNR DD51', 'JR East DD51 842']"
53,DD51,800,JR East,JR東日本,,,"[""JNR DD51"", ""JR East DD51 895""]","['JNR DD51', 'JR East DD51 895']"
54,DD51,,,,,,"[""JNR DD51""]",['JNR DD51']
55,AT-400,,Aizu Railway,会津鉄道,,,"[""JNR Kiha 40 series"", ""Aizu Railway AT-400""]","['JNR Kiha 40 series', 'Aizu Railway AT-400']"
56,Kiha 40,,JR Central,JR東海,,,"[""JNR Kiha 40 series"", ""JNR Kiha 40 series (JR Central)"", ""Kiha 40 (JR Central)""]","['JNR Kiha 40 series', 'JNR Kiha 40 series (JR Central)', 'Kiha 40 (JR Central)']"
57,Kiha 47,,JR Central,JR東海,,,"[""JNR Kiha 40 series"", ""JNR Kiha 40 series (JR Central)"", ""Kiha 47 (JR Central)""]","['JNR Kiha 40 series', 'JNR Kiha 40 series (JR Central)', 'Kiha 47 (JR Central)']"
58,Kiha 48,,JR Central,JR東海,,,"[""JNR Kiha 40 series"", ""JNR Kiha 40 series (JR Central)"", ""Kiha 48 (JR Central)""]","['JNR Kiha 40 series', 'JNR Kiha 40 series (JR Central)', 'Kiha 48 (JR Central)']"
59,,,JR Central,JR東海,,,"[""JNR Kiha 40 series"", ""JNR Kiha 40 series (JR Central)""]","['JNR Kiha 40 series', 'JNR Kiha 40 series (JR Central)']"
60,,,JR East,JR東日本,Furusato,,"[""JNR Kiha 40 series"", ""JNR Kiha 40 series (JR East)"", ""Furusato (train)""]","['JNR Kiha 40 series', 'JNR Kiha 40 series (JR East)', 'Furusato (train)']"
61,Kiha 40,,JR East,JR東日本,,五能線色,"[""JNR Kiha 40 series"", ""JNR Kiha 40 series (JR East)"", ""Kiha 40 (JR East)"", ""Kiha 40 (JR East) in Gonō Line livery (cream and blue)""]","['JNR Kiha 40 series', 'JNR Kiha 40 series (JR East)', 'Kiha 40 (JR East)', 'Kiha 40 (JR East) in Gonō Line livery (cream and blue)']"
62,Kiha 40,,JR East,JR東日本,,烏山線色,"[""JNR Kiha 40 series"", ""JNR Kiha 40 series (JR East)"", ""Kiha 40 (JR East)"", ""Kiha 40 (JR East) in Karasuyama Line livery""]","['JNR Kiha 40 series', 'JNR Kiha 40 series (JR East)', 'Kiha 40 (JR East)', 'Kiha 40 (JR East) in Karasuyama Line livery']"
63,Kiha 40,,JR East,JR東日本,,新潟色,"[""JNR Kiha 40 series"", ""JNR Kiha 40 series (JR East)"", ""Kiha 40 (JR East)"", ""Kiha 40 (JR East) in Niigata livery (I)""]","['JNR Kiha 40 series', 'JNR Kiha 40 series (JR East)', 'Kiha 40 (JR East)', 'Kiha 40 (JR East) in Niigata livery (I)']"
64,Kiha 40,,JR East,JR東日本,,男鹿線色,"[""JNR Kiha 40 series"", ""JNR Kiha 40 series (JR East)"", ""Kiha 40 (JR East)"", ""Kiha 40 (JR East) in Oga Line livery (cream and green)""]","['JNR Kiha 40 series', 'JNR Kiha 40 series (JR East)', 'Kiha 40 (JR East)', 'Kiha 40 (JR East) in Oga Line livery (cream and green)']"
65,Kiha 40,,JR East,JR東日本,,朱色5号,"[""JNR Kiha 40 series"", ""JNR Kiha 40 series (JR East)"", ""Kiha 40 (JR East)"", ""Kiha 40 (JR East) in orange vermilion livery""]","['JNR Kiha 40 series', 'JNR Kiha 40 series (JR East)', 'Kiha 40 (JR East)', 'Kiha 40 (JR East) in orange vermilion livery']"
66,Kiha 40,,JR East,JR東日本,,,"[""JNR Kiha 40 series"", ""JNR Kiha 40 series (JR East)"", ""Kiha 40 (JR East)""]","['JNR Kiha 40 series', 'JNR Kiha 40 series (JR East)', 'Kiha 40 (JR East)']"
67,Kiha 47,,JR East,JR東日本,,新潟色,"[""JNR Kiha 40 series"", ""JNR Kiha 40 series (JR East)"", ""Kiha 47 (JR East)"", ""Kiha 47 (JR East) in Niigata livery (I)""]","['JNR Kiha 40 series', 'JNR Kiha 40 series (JR East)', 'Kiha 47 (JR East)', 'Kiha 47 (JR East) in Niigata livery (I)']"
68,Kiha 47,,JR East,JR東日本,,,"[""JNR Kiha 40 series"", ""JNR Kiha 40 series (JR East)"", ""Kiha 47 (JR East)""]","['JNR Kiha 40 series', 'JNR Kiha 40 series (JR East)', 'Kiha 47 (JR East)']"
69,Kiha 48,,JR East,JR東日本,Akita Cruise Train,,"[""JNR Kiha 40 series"", ""JNR Kiha 40 series (JR East)"", ""Kiha 48 (JR East)"", ""Akita Cruise Train""]","['JNR Kiha 40 series', 'JNR Kiha 40 series (JR East)', 'Kiha 48 (JR East)', 'Akita Cruise Train']"
70,Kiha 48,,JR East,JR東日本,Kirakira Michinoku,,"[""JNR Kiha 40 series"", ""JNR Kiha 40 series (JR East)"", ""Kiha 48 (JR East)"", ""Kirakira Michinoku""]","['JNR Kiha 40 series', 'JNR Kiha 40 series (JR East)', 'Kiha 48 (JR East)', 'Kirakira Michinoku']"
71,Kiha 48,,JR East,JR東日本,Resort Minori,,"[""JNR Kiha 40 series"", ""JNR Kiha 40 series (JR East)"", ""Kiha 48 (JR East)"", ""Resort Minori""]","['JNR Kiha 40 series', 'JNR Kiha 40 series (JR East)', 'Kiha 48 (JR East)', 'Resort Minori']"
72,Kiha 48,,JR East,JR東日本,Resort Shirakami Aoike,,"[""JNR Kiha 40 series"", ""JNR Kiha 40 series (JR East)"", ""Kiha 48 (JR East)"", ""Resort Shirakami Aoike (I)"", ""Cruising Train (Kiha 48)""]","['JNR Kiha 40 series', 'JNR Kiha 40 series (JR East)', 'Kiha 48 (JR East)', 'Resort Shirakami Aoike (I)', 'Cruising Train (Kiha 48)']"
73,Kiha 48,,JR East,JR東日本,Resort Shirakami Aoike,,"[""JNR Kiha 40 series"", ""JNR Kiha 40 series (JR East)"", ""Kiha 48 (JR East)"", ""Resort Shirakami Aoike (I)""]","['JNR Kiha 40 series', 'JNR Kiha 40 series (JR East)', 'Kiha 48 (JR East)', 'Resort Shirakami Aoike (I)']"
74,Kiha 48,,JR East,JR東日本,Resort Shirakami Buna,,"[""JNR Kiha 40 series"", ""JNR Kiha 40 series (JR East)"", ""Kiha 48 (JR East)"", ""Resort Shirakami Buna (I)""]","['JNR Kiha 40 series', 'JNR Kiha 40 series (JR East)', 'Kiha 48 (JR East)', 'Resort Shirakami Buna (I)']"
75,Kiha 48,,JR East,JR東日本,Resort Shirakami Kumagera,,"[""JNR Kiha 40 series"", ""JNR Kiha 40 series (JR East)"", ""Kiha 48 (JR East)"", ""Resort Shirakami Kumagera""]","['JNR Kiha 40 series', 'JNR Kiha 40 series (JR East)', 'Kiha 48 (JR East)', 'Resort Shirakami Kumagera']"
76,Kiha 48,,JR East,JR東日本,Resort Umineko,,"[""JNR Kiha 40 series"", ""JNR Kiha 40 series (JR East)"", ""Kiha 48 (JR East)"", ""Resort Umineko""]","['JNR Kiha 40 series', 'JNR Kiha 40 series (JR East)', 'Kiha 48 (JR East)', 'Resort Umineko']"
77,Kiha 48,,JR East,JR東日本,Umineko,,"[""JNR Kiha 40 series"", ""JNR Kiha 40 series (JR East)"", ""Kiha 48 (JR East)"", ""Umineko (train)""]","['JNR Kiha 40 series', 'JNR Kiha 40 series (JR East)', 'Kiha 48 (JR East)', 'Umineko (train)']"
78,Kiha 48,,JR East,JR東日本,View Coaster Kazekko,,"[""JNR Kiha 40 series"", ""JNR Kiha 40 series (JR East)"", ""Kiha 48 (JR East)"", ""View Coaster Kazekko""]","['JNR Kiha 40 series', 'JNR Kiha 40 series (JR East)', 'Kiha 48 (JR East)', 'View Coaster Kazekko']"
79,Kiha 48,,JR East,JR東日本,,,"[""JNR Kiha 40 series"", ""JNR Kiha 40 series (JR East)"", ""Kiha 48 (JR East)""]","['JNR Kiha 40 series', 'JNR Kiha 40 series (JR East)', 'Kiha 48 (JR East)']"
80,,,JR East,JR東日本,Koshino Shu*Kura,,"[""JNR Kiha 40 series"", ""JNR Kiha 40 series (JR East)"", ""Koshino Shu*Kura""]","['JNR Kiha 40 series', 'JNR Kiha 40 series (JR East)', 'Koshino Shu*Kura']"
81,,,JR East,JR東日本,,,"[""JNR Kiha 40 series"", ""JNR Kiha 40 series (JR East)""]","['JNR Kiha 40 series', 'JNR Kiha 40 series (JR East)']"
82,Kiha 40,,JR Hokkaido,JR北海道,,,"[""JNR Kiha 40 series"", ""JNR Kiha 40 series (JR Hokkaido)"", ""Kiha 40 (JR Hokkaido)""]","['JNR Kiha 40 series', 'JNR Kiha 40 series (JR Hokkaido)', 'Kiha 40 (JR Hokkaido)']"
83,Kiha 400,,JR Hokkaido,JR北海道,,,"[""JNR Kiha 40 series"", ""JNR Kiha 40 series (JR Hokkaido)"", ""Kiha 400 (JR Hokkaido)""]","['JNR Kiha 40 series', 'JNR Kiha 40 series (JR Hokkaido)', 'Kiha 400 (JR Hokkaido)']"
84,Kiha 48,,JR Hokkaido,JR北海道,,,"[""JNR Kiha 40 series"", ""JNR Kiha 40 series (JR Hokkaido)"", ""Kiha 48 (JR Hokkaido)""]","['JNR Kiha 40 series', 'JNR Kiha 40 series (JR Hokkaido)', 'Kiha 48 (JR Hokkaido)']"
85,Kiha 40,,JR Hokkaido,JR北海道,,,"[""JNR Kiha 40 series"", ""JNR Kiha 40 series (JR Hokkaido)""]","['JNR Kiha 40 series', 'JNR Kiha 40 series (JR Hokkaido)']"
86,Kiha 140,,JR Kyushu,JR九州,,,"[""JNR Kiha 40 series"", ""JNR Kiha 40 series (JR Kyushu)"", ""Kiha 140 (JR Kyushu)""]","['JNR Kiha 40 series', 'JNR Kiha 40 series (JR Kyushu)', 'Kiha 140 (JR Kyushu)']"
87,Kiha 147,,JR Kyushu,JR九州,,,"[""JNR Kiha 40 series"", ""JNR Kiha 40 series (JR Kyushu)"", ""Kiha 147 (JR Kyushu)""]","['JNR Kiha 40 series', 'JNR Kiha 40 series (JR Kyushu)', 'Kiha 147 (JR Kyushu)']"
88,Kiha 40,,JR Kyushu,JR九州,,,"[""JNR Kiha 40 series"", ""JNR Kiha 40 series (JR Kyushu)"", ""Kiha 40 (JR Kyushu)""]","['JNR Kiha 40 series', 'JNR Kiha 40 series (JR Kyushu)', 'Kiha 40 (JR Kyushu)']"
89,Kiha 47,,JR Kyushu,JR九州,Aru Ressha,,"[""JNR Kiha 40 series"", ""JNR Kiha 40 series (JR Kyushu)"", ""Kiha 47 (JR Kyushu)"", ""Aru Ressha""]","['JNR Kiha 40 series', 'JNR Kiha 40 series (JR Kyushu)', 'Kiha 47 (JR Kyushu)', 'Aru Ressha']"
90,Kiha 47,,JR Kyushu,JR九州,Futatsuboshi 4047,,"[""JNR Kiha 40 series"", ""JNR Kiha 40 series (JR Kyushu)"", ""Kiha 47 (JR Kyushu)"", ""Futatsuboshi 4047""]","['JNR Kiha 40 series', 'JNR Kiha 40 series (JR Kyushu)', 'Kiha 47 (JR Kyushu)', 'Futatsuboshi 4047']"
91,Kiha 47,,JR Kyushu,JR九州,Kawasemi Yamasemi,,"[""JNR Kiha 40 series"", ""JNR Kiha 40 series (JR Kyushu)"", ""Kiha 47 (JR Kyushu)"", ""Kawasemi Yamasemi""]","['JNR Kiha 40 series', 'JNR Kiha 40 series (JR Kyushu)', 'Kiha 47 (JR Kyushu)', 'Kawasemi Yamasemi']"
92,Kiha 47,,JR Kyushu,JR九州,,,"[""JNR Kiha 40 series"", ""JNR Kiha 40 series (JR Kyushu)"", ""Kiha 47 (JR Kyushu)""]","['JNR Kiha 40 series', 'JNR Kiha 40 series (JR Kyushu)', 'Kiha 47 (JR Kyushu)']"
93,Kiha 40,,JR Kyushu,JR九州,,,"[""JNR Kiha 40 series"", ""JNR Kiha 40 series (JR Kyushu)""]","['JNR Kiha 40 series', 'JNR Kiha 40 series (JR Kyushu)']"
94,Kiha 40,,JR Shikoku,JR四国,,,"[""JNR Kiha 40 series"", ""JNR Kiha 40 series (JR Shikoku)"", ""JNR Kiha 40 (JR Shikoku)""]","['JNR Kiha 40 series', 'JNR Kiha 40 series (JR Shikoku)', 'JNR Kiha 40 (JR Shikoku)']"
95,Kiha 47,,JR Shikoku,JR四国,Iyonada Monogatari,,"[""JNR Kiha 40 series"", ""JNR Kiha 40 series (JR Shikoku)"", ""JNR Kiha 47 (JR Shikoku)"", ""Iyonada Monogatari""]","['JNR Kiha 40 series', 'JNR Kiha 40 series (JR Shikoku)', 'JNR Kiha 47 (JR Shikoku)', 'Iyonada Monogatari']"
96,Kiha 47,,JR Shikoku,JR四国,,,"[""JNR Kiha 40 series"", ""JNR Kiha 40 series (JR Shikoku)"", ""JNR Kiha 47 (JR Shikoku)""]","['JNR Kiha 40 series', 'JNR Kiha 40 series (JR Shikoku)', 'JNR Kiha 47 (JR Shikoku)']"
97,Kiha 40,,JR West,JR西日本,Sakubi Sakuraku,,"[""JNR Kiha 40 series"", ""JNR Kiha 40 series (JR West)"", ""Kiha 40 (JR West)"", ""Sakubi Sakuraku""]","['JNR Kiha 40 series', 'JNR Kiha 40 series (JR West)', 'Kiha 40 (JR West)', 'Sakubi Sakuraku']"
98,Kiha 40,,JR West,JR西日本,,,"[""JNR Kiha 40 series"", ""JNR Kiha 40 series (JR West)"", ""Kiha 40 (JR West)""]","['JNR Kiha 40 series', 'JNR Kiha 40 series (JR West)', 'Kiha 40 (JR West)']"
99,Kiha 41,,JR West,JR西日本,,,"[""JNR Kiha 40 series"", ""JNR Kiha 40 series (JR West)"", ""Kiha 41 (JR West)""]","['JNR Kiha 40 series', 'JNR Kiha 40 series (JR West)', 'Kiha 41 (JR West)']"
100,Kiha 47,,JR West,JR西日本,Ametuchi,,"[""JNR Kiha 40 series"", ""JNR Kiha 40 series (JR West)"", ""Kiha 47 (JR West)"", ""Ametuchi (train)""]","['JNR Kiha 40 series', 'JNR Kiha 40 series (JR West)', 'Kiha 47 (JR West)', 'Ametuchi (train)']"
101,Kiha 47,,JR West,JR西日本,EtSETOra,,"[""JNR Kiha 40 series"", ""JNR Kiha 40 series (JR West)"", ""Kiha 47 (JR West)"", ""EtSETOra""]","['JNR Kiha 40 series', 'JNR Kiha 40 series (JR West)', 'Kiha 47 (JR West)', 'EtSETOra']"
102,Kiha 47,,JR West,JR西日本,Marumaru-no-Hanashi,,"[""JNR Kiha 40 series"", ""JNR Kiha 40 series (JR West)"", ""Kiha 47 (JR West)"", ""Marumaru-no-Hanashi""]","['JNR Kiha 40 series', 'JNR Kiha 40 series (JR West)', 'Kiha 47 (JR West)', 'Marumaru-no-Hanashi']"
103,Kiha 47,,JR West,JR西日本,Misuzu-Shiosai,,"[""JNR Kiha 40 series"", ""JNR Kiha 40 series (JR West)"", ""Kiha 47 (JR West)"", ""Misuzu-Shiosai""]","['JNR Kiha 40 series', 'JNR Kiha 40 series (JR West)', 'Kiha 47 (JR West)', 'Misuzu-Shiosai']"
104,Kiha 47,,JR West,JR西日本,,,"[""JNR Kiha 40 series"", ""JNR Kiha 40 series (JR West)"", ""Kiha 47 (JR West)""]","['JNR Kiha 40 series', 'JNR Kiha 40 series (JR West)', 'Kiha 47 (JR West)']"
105,Kiha 48,,JR West,JR西日本,Hanayome Noren,,"[""JNR Kiha 40 series"", ""JNR Kiha 40 series (JR West)"", ""Kiha 48 (JR West)"", ""Hanayome Noren""]","['JNR Kiha 40 series', 'JNR Kiha 40 series (JR West)', 'Kiha 48 (JR West)', 'Hanayome Noren']"
106,Kiha 48,,JR West,JR西日本,,,"[""JNR Kiha 40 series"", ""JNR Kiha 40 series (JR West)"", ""Kiha 48 (JR West)""]","['JNR Kiha 40 series', 'JNR Kiha 40 series (JR West)', 'Kiha 48 (JR West)']"
107,,,JR West,JR西日本,,,"[""JNR Kiha 40 series"", ""JNR Kiha 40 series (JR West)""]","['JNR Kiha 40 series', 'JNR Kiha 40 series (JR West)']"
108,Kiha 40,,South Hokkaido Railway,道南いさりび鉄道,,,"[""JNR Kiha 40 series"", ""JNR Kiha 40"", ""Ex-JNR Kiha 40"", ""South Hokkaido Railway Kiha 40""]","['JNR Kiha 40 series', 'JNR Kiha 40', 'Ex-JNR Kiha 40', 'South Hokkaido Railway Kiha 40']"
109,Kiha 40,,,,,,"[""JNR Kiha 40 series"", ""JNR Kiha 40"", ""Ex-JNR Kiha 40""]","['JNR Kiha 40 series', 'JNR Kiha 40', 'Ex-JNR Kiha 40']"
110,Kiha 40,100,Japanese National Railways,国鉄,,,"[""JNR Kiha 40 series"", ""JNR Kiha 40"", ""Kiha 40 100""]","['JNR Kiha 40 series', 'JNR Kiha 40', 'Kiha 40 100']"
111,Kiha 40,2000,Japanese National Railways,国鉄,,,"[""JNR Kiha 40 series"", ""JNR Kiha 40"", ""Kiha 40 2000""]","['JNR Kiha 40 series', 'JNR Kiha 40', 'Kiha 40 2000']"
112,Kiha 40,,Japanese National Railways,国鉄,,,"[""JNR Kiha 40 series"", ""JNR Kiha 40""]","['JNR Kiha 40 series', 'JNR Kiha 40']"
113,Kiha 47,0,Japanese National Railways,国鉄,,,"[""JNR Kiha 40 series"", ""JNR Kiha 47"", ""JNR Kiha 47 0""]","['JNR Kiha 40 series', 'JNR Kiha 47', 'JNR Kiha 47 0']"
114,Kiha 47,,Japanese National Railways,国鉄,,,"[""JNR Kiha 40 series"", ""JNR Kiha 47""]","['JNR Kiha 40 series', 'JNR Kiha 47']"
115,,,JR East,JR東日本,,,"[""JR East E231"", ""JR East E231 at Tokyo Station""]","['JR East E231', 'JR East E231 at Tokyo Station']"
116,E231-0,0,JR East,JR東日本,,,"[""JR East E231"", ""JR East E231-0 (Chūō-Sōbu Line)""]","['JR East E231', 'JR East E231-0 (Chūō-Sōbu Line)']"
117,E231-0,0,JR East,JR東日本,,,"[""JR East E231"", ""JR East E231-0 (Jōban Line)""]","['JR East E231', 'JR East E231-0 (Jōban Line)']"
118,E231-0,0,JR East,JR東日本,,,"[""JR East E231"", ""JR East E231-0 (Musashino Line)""]","['JR East E231', 'JR East E231-0 (Musashino Line)']"
119,E231-1000,1000,JR East,JR東日本,,,"[""JR East E231"", ""JR East E231-1000"", ""Green Cars of JR East E231-1000""]","['JR East E231', 'JR East E231-1000', 'Green Cars of JR East E231-1000']"
120,E231-1000,1000,JR East,JR東日本,,,"[""JR East E231"", ""JR East E231-1000""]","['JR East E231', 'JR East E231-1000']"
121,E231-3000,3000,JR East,JR東日本,,,"[""JR East E231"", ""JR East E231-3000""]","['JR East E231', 'JR East E231-3000']"
122,E231-500,500,JR East,JR東日本,,,"[""JR East E231"", ""JR East E231-500 (Chūō-Sōbu Line)""]","['JR East E231', 'JR East E231-500 (Chūō-Sōbu Line)']"
123,E231-500,500,JR East,JR東日本,,,"[""JR East E231"", ""JR East E231-500 (Yamanote Line)"", ""JR East E231-500 at Tokyo Station""]","['JR East E231', 'JR East E231-500 (Yamanote Line)', 'JR East E231-500 at Tokyo Station']"
124,E231-500,500,JR East,JR東日本,,,"[""JR East E231"", ""JR East E231-500 (Yamanote Line)""]","['JR East E231', 'JR East E231-500 (Yamanote Line)']"
125,E231-800,800,JR East,JR東日本,,,"[""JR East E231"", ""JR East E231-800""]","['JR East E231', 'JR East E231-800']"
126,E231-900,900,JR East,JR東日本,,,"[""JR East E231"", ""JR East E231-900"", ""JR East E231-900 (Musashino Line)""]","['JR East E231', 'JR East E231-900', 'JR East E231-900 (Musashino Line)']"
127,E231-900,900,JR East,JR東日本,,,"[""JR East E231"", ""JR East E231-900""]","['JR East E231', 'JR East E231-900']"
128,10-300,300,Toei Subway,東京都交通局,,,"[""JR East E231"", ""Toei 10-300 series""]","['JR East E231', 'Toei 10-300 series']"
129,5050,,Tokyu Railways,東急電鉄,,,"[""JR East E231"", ""Tōkyū 5000 series (II)"", ""Tokyu 5050 series""]","['JR East E231', 'Tōkyū 5000 series (II)', 'Tokyu 5050 series']"
130,5050-4000,4000,Tokyu Railways,東急電鉄,Shibuya Hikarie,,"[""JR East E231"", ""Tōkyū 5000 series (II)"", ""Tokyu 5050-4000 series"", ""Shibuya Hikarie (train)""]","['JR East E231', 'Tōkyū 5000 series (II)', 'Tokyu 5050-4000 series', 'Shibuya Hikarie (train)']"
131,5050-4000,4000,Tokyu Railways,東急電鉄,,,"[""JR East E231"", ""Tōkyū 5000 series (II)"", ""Tokyu 5050-4000 series""]","['JR East E231', 'Tōkyū 5000 series (II)', 'Tokyu 5050-4000 series']"
132,5080,,Tokyu Railways,東急電鉄,,,"[""JR East E231"", ""Tōkyū 5000 series (II)"", ""Tokyu 5080 series""]","['JR East E231', 'Tōkyū 5000 series (II)', 'Tokyu 5080 series']"
133,,,Tokyu Railways,東急電鉄,,,"[""JR East E231"", ""Tōkyū 5000 series (II)""]","['JR East E231', 'Tōkyū 5000 series (II)']"
134,,,JR East,JR東日本,,,"[""JR East E231""]",['JR East E231']
135,E233,,JR East,JR東日本,,,"[""JR East E233"", ""JR East E233 at Tokyo Station""]","['JR East E233', 'JR East E233 at Tokyo Station']"
136,E233,0,JR East,JR東日本,,,"[""JR East E233"", ""JR East E233-0"", ""Green Cars of JR East E233-0""]","['JR East E233', 'JR East E233-0', 'Green Cars of JR East E233-0']"
137,E233,0,JR East,JR東日本,,,"[""JR East E233"", ""JR East E233-0"", ""JR East E233-0 (Information display)""]","['JR East E233', 'JR East E233-0', 'JR East E233-0 (Information display)']"
138,E233,0,JR East,JR東日本,,,"[""JR East E233"", ""JR East E233-0""]","['JR East E233', 'JR East E233-0']"
139,E233,1000,JR East,JR東日本,,,"[""JR East E233"", ""JR East E233-1000""]","['JR East E233', 'JR East E233-1000']"
140,E233,2000,JR East,JR東日本,,,"[""JR East E233"", ""JR East E233-2000""]","['JR East E233', 'JR East E233-2000']"
141,E233,3000,JR East,JR東日本,,,"[""JR East E233"", ""JR East E233-3000"", ""Green Cars of JR East E233-3000""]","['JR East E233', 'JR East E233-3000', 'Green Cars of JR East E233-3000']"
142,E233,3000,JR East,JR東日本,,,"[""JR East E233"", ""JR East E233-3000""]","['JR East E233', 'JR East E233-3000']"
143,E233,5000,JR East,JR東日本,,,"[""JR East E233"", ""JR East E233-5000""]","['JR East E233', 'JR East E233-5000']"
144,E233,6000,JR East,JR東日本,,,"[""JR East E233"", ""JR East E233-6000""]","['JR East E233', 'JR East E233-6000']"
145,E233-7000,,JR East,JR東日本,,,"[""JR East E233"", ""JR East E233-7000""]","['JR East E233', 'JR East E233-7000']"
146,E233-8000,,JR East,JR東日本,,,"[""JR East E233"", ""JR East E233-8000""]","['JR East E233', 'JR East E233-8000']"
147,E233-8500,,JR East,JR東日本,,,"[""JR East E233"", ""JR East E233-8500""]","['JR East E233', 'JR East E233-8500']"
148,E233,,JR East,JR東日本,,,"[""JR East E233""]",['JR East E233']
149,E353,,JR East,JR東日本,,,"[""JR East E353""]",['JR East E353']
150,E657,,JR East,JR東日本,,,"[""JR East E657""]",['JR East E657']
151,,,JR East,JR東日本,High Rail 1375,,"[""JR East KiHa 100 series"", ""High Rail 1375""]","['JR East KiHa 100 series', 'High Rail 1375']"
152,Kiha 100,0,JR East,JR東日本,Pokémon with You Train,,"[""JR East KiHa 100 series"", ""Kiha 100-0"", ""Pokémon with You Train""]","['JR East KiHa 100 series', 'Kiha 100-0', 'Pokémon with You Train']"
153,Kiha 100,0,JR East,JR東日本,,,"[""JR East KiHa 100 series"", ""Kiha 100-0""]","['JR East KiHa 100 series', 'Kiha 100-0']"
154,Kiha 100,200,JR East,JR東日本,,,"[""JR East KiHa 100 series"", ""Kiha 100-200""]","['JR East KiHa 100 series', 'Kiha 100-200']"
155,KiHa 101,,JR East,JR東日本,,,"[""JR East KiHa 100 series"", ""Kiha 101""]","['JR East KiHa 100 series', 'Kiha 101']"
156,KiHa 110,0,JR East,JR東日本,,,"[""JR East KiHa 100 series"", ""Kiha 110-0""]","['JR East KiHa 100 series', 'Kiha 110-0']"
157,KiHa 110,100,JR East,JR東日本,,,"[""JR East KiHa 100 series"", ""Kiha 110-100""]","['JR East KiHa 100 series', 'Kiha 110-100']"
158,KiHa 110,200,JR East,JR東日本,Oykot,,"[""JR East KiHa 100 series"", ""Kiha 110-200"", ""Oykot""]","['JR East KiHa 100 series', 'Kiha 110-200', 'Oykot']"
159,KiHa 110,200,JR East,JR東日本,,,"[""JR East KiHa 100 series"", ""Kiha 110-200""]","['JR East KiHa 100 series', 'Kiha 110-200']"
160,KiHa 110,300,JR East,JR東日本,,,"[""JR East KiHa 100 series"", ""Kiha 110-300""]","['JR East KiHa 100 series', 'Kiha 110-300']"
161,KiHa 111,0,JR East,JR東日本,,,"[""JR East KiHa 100 series"", ""Kiha 111-0""]","['JR East KiHa 100 series', 'Kiha 111-0']"
162,KiHa 111,100,JR East,JR東日本,,,"[""JR East KiHa 100 series"", ""Kiha 111-100""]","['JR East KiHa 100 series', 'Kiha 111-100']"
163,KiHa 111,200,JR East,JR東日本,,,"[""JR East KiHa 100 series"", ""Kiha 111-200""]","['JR East KiHa 100 series', 'Kiha 111-200']"
164,KiHa 112,0,JR East,JR東日本,,,"[""JR East KiHa 100 series"", ""Kiha 112-0""]","['JR East KiHa 100 series', 'Kiha 112-0']"
165,KiHa 112,100,JR East,JR東日本,,,"[""JR East KiHa 100 series"", ""Kiha 112-100""]","['JR East KiHa 100 series', 'Kiha 112-100']"
166,KiHa 112,150,JR East,JR東日本,,,"[""JR East KiHa 100 series"", ""Kiha 112-150""]","['JR East KiHa 100 series', 'Kiha 112-150']"
167,KiHa 112,200,JR East,JR東日本,,,"[""JR East KiHa 100 series"", ""Kiha 112-200""]","['JR East KiHa 100 series', 'Kiha 112-200']"
168,,,JR East,JR東日本,,,"[""JR East KiHa 100 series""]",['JR East KiHa 100 series']
169,EF510,0,JR Freight,JR貨物,,,"[""JR Freight EF510"", ""JR Freight EF510-0""]","['JR Freight EF510', 'JR Freight EF510-0']"
170,EF510-300,300,JR Freight,JR貨物,,,"[""JR Freight EF510"", ""JR Freight EF510-300""]","['JR Freight EF510', 'JR Freight EF510-300']"
171,EF510-500,500,JR Freight,JR貨物,,,"[""JR Freight EF510"", ""JR Freight EF510-500""]","['JR Freight EF510', 'JR Freight EF510-500']"
172,EF510,,JR Freight,JR貨物,,,"[""JR Freight EF510""]",['JR Freight EF510']
173,KiHa 141,,JR Hokkaido,JR北海道,SL Ginga,,"[""JR Hokkaido Kiha 141"", ""SL Ginga""]","['JR Hokkaido Kiha 141', 'SL Ginga']"
174,KiHa 141,,JR Hokkaido,JR北海道,,,"[""JR Hokkaido Kiha 141""]",['JR Hokkaido Kiha 141']
175,E5,0,JR East,JR東日本,,,"[""Shinkansen E5"", ""Shinkansen E5 on Hokkaidō Shinkansen"", ""Shinkansen E5 at Shin-Hakodate-Hokuto Station""]","['Shinkansen E5', 'Shinkansen E5 on Hokkaidō Shinkansen', 'Shinkansen E5 at Shin-Hakodate-Hokuto Station']"
176,E5,0,JR East,JR東日本,,,"[""Shinkansen E5"", ""Shinkansen E5 on Tōhoku Shinkansen"", ""Shinkansen E5 at Hachinohe Station""]","['Shinkansen E5', 'Shinkansen E5 on Tōhoku Shinkansen', 'Shinkansen E5 at Hachinohe Station']"
177,E5,0,JR East,JR東日本,,,"[""Shinkansen E5"", ""Shinkansen E5 on Tōhoku Shinkansen"", ""Shinkansen E5 at Kōriyama Station (Fukushima)""]","['Shinkansen E5', 'Shinkansen E5 on Tōhoku Shinkansen', 'Shinkansen E5 at Kōriyama Station (Fukushima)']"
178,E5,0,JR East,JR東日本,,,"[""Shinkansen E5"", ""Shinkansen E5 on Tōhoku Shinkansen"", ""Shinkansen E5 at Morioka Station""]","['Shinkansen E5', 'Shinkansen E5 on Tōhoku Shinkansen', 'Shinkansen E5 at Morioka Station']"
179,E5,0,JR East,JR東日本,,,"[""Shinkansen E5"", ""Shinkansen E5 on Tōhoku Shinkansen"", ""Shinkansen E5 at Sendai Station (Miyagi)""]","['Shinkansen E5', 'Shinkansen E5 on Tōhoku Shinkansen', 'Shinkansen E5 at Sendai Station (Miyagi)']"
180,E5,,JR East,JR東日本,,,"[""Shinkansen E5"", ""Shinkansen E5 on Tōhoku Shinkansen"", ""Shinkansen E5 at Shin-Aomori Station""]","['Shinkansen E5', 'Shinkansen E5 on Tōhoku Shinkansen', 'Shinkansen E5 at Shin-Aomori Station']"
181,E5,,JR East,JR東日本,,,"[""Shinkansen E5"", ""Shinkansen E5 on Tōhoku Shinkansen"", ""Shinkansen E5 at Tokyo Station""]","['Shinkansen E5', 'Shinkansen E5 on Tōhoku Shinkansen', 'Shinkansen E5 at Tokyo Station']"
182,E5,,JR East,JR東日本,,,"[""Shinkansen E5"", ""Shinkansen E5 on Tōhoku Shinkansen"", ""Shinkansen E5 at Ōmiya Station (Saitama)""]","['Shinkansen E5', 'Shinkansen E5 on Tōhoku Shinkansen', 'Shinkansen E5 at Ōmiya Station (Saitama)']"
183,E5,,JR East,JR東日本,,,"[""Shinkansen E5"", ""Shinkansen E5 on Tōhoku Shinkansen""]","['Shinkansen E5', 'Shinkansen E5 on Tōhoku Shinkansen']"
184,E514,,JR East,JR東日本,,,"[""Shinkansen E5"", ""Shinkansen E5 series E514 mockup""]","['Shinkansen E5', 'Shinkansen E5 series E514 mockup']"
185,E5,,JR East,JR東日本,,,"[""Shinkansen E5""]",['Shinkansen E5']
186,E6,,JR East,JR東日本,,,"[""Shinkansen E6"", ""Shinkansen E6 on Akita Shinkansen"", ""Shinkansen E6 at Akita Station""]","['Shinkansen E6', 'Shinkansen E6 on Akita Shinkansen', 'Shinkansen E6 at Akita Station']"
187,E6,,JR East,JR東日本,,,"[""Shinkansen E6"", ""Shinkansen E6 on Akita Shinkansen"", ""Shinkansen E6 at Ōkama Station""]","['Shinkansen E6', 'Shinkansen E6 on Akita Shinkansen', 'Shinkansen E6 at Ōkama Station']"
188,E6,,JR East,JR東日本,,,"[""Shinkansen E6"", ""Shinkansen E6 on Akita Shinkansen"", ""Shinkansen E6 at Ōmagari Station (Akita)""]","['Shinkansen E6', 'Shinkansen E6 on Akita Shinkansen', 'Shinkansen E6 at Ōmagari Station (Akita)']"
189,E6,,JR East,JR東日本,,,"[""Shinkansen E6"", ""Shinkansen E6 on Akita Shinkansen""]","['Shinkansen E6', 'Shinkansen E6 on Akita Shinkansen']"
190,E6,,JR East,JR東日本,,,"[""Shinkansen E6"", ""Shinkansen E6 on Tōhoku Shinkansen"", ""Shinkansen E6 at Morioka Station""]","['Shinkansen E6', 'Shinkansen E6 on Tōhoku Shinkansen', 'Shinkansen E6 at Morioka Station']"
191,E6,,JR East,JR東日本,,,"[""Shinkansen E6"", ""Shinkansen E6 on Tōhoku Shinkansen"", ""Shinkansen E6 at Sendai Station (Miyagi)""]","['Shinkansen E6', 'Shinkansen E6 on Tōhoku Shinkansen', 'Shinkansen E6 at Sendai Station (Miyagi)']"
192,E6,,JR East,JR東日本,,,"[""Shinkansen E6"", ""Shinkansen E6 on Tōhoku Shinkansen"", ""Shinkansen E6 at Tokyo Station""]","['Shinkansen E6', 'Shinkansen E6 on Tōhoku Shinkansen', 'Shinkansen E6 at Tokyo Station']"
193,E6,,JR East,JR東日本,,,"[""Shinkansen E6"", ""Shinkansen E6 on Tōhoku Shinkansen"", ""Shinkansen E6 at Ōmiya Station (Saitama)""]","['Shinkansen E6', 'Shinkansen E6 on Tōhoku Shinkansen', 'Shinkansen E6 at Ōmiya Station (Saitama)']"
194,E6,,JR East,JR東日本,,,"[""Shinkansen E6"", ""Shinkansen E6 on Tōhoku Shinkansen""]","['Shinkansen E6', 'Shinkansen E6 on Tōhoku Shinkansen']"
195,,,JR East,JR東日本,,,"[""Shinkansen E6""]",['Shinkansen E6']
